:020000040000FA
:1000000080A000202D2A000009940000192A000079
:10001000192A0000192A0000192A0000192A0000D4
:10002000000000000000000000000000FD2A0000A9
:10003000192A0000000000004D2D0000192A0000C0
:10004000092E0000092E0000092E0000092E0000D4
:10005000092E0000092E0000092E0000092E0000C4
:10006000092E0000092E0000092E0000092E0000B4
:10007000092E0000092E0000092E0000092E0000A4
:10008000092E0000092E0000092E0000092E000094
:10009000092E0000092E0000092E0000092E000084
:1000A000092E0000092E0000092E0000092E000074
:1000B000092E0000092E0000092E0000092E000064
:1000C000092E0000092E0000092E0000092E000054
:1000D000092E0000092E0000092E0000092E000044
:1000E000092E0000092E0000092E0000092E000034
:1000F000092E0000092E0000092E0000092E000024
:10010000092E0000092E0000092E0000092E000013
:10011000092E0000092E0000092E0000092E000003
:10012000092E0000092E0000092E0000092E0000F3
:10013000092E0000092E0000092E0000092E0000E3
:10014000092E0000092E0000092E0000092E0000D3
:10015000092E0000092E0000092E0000092E0000C3
:10016000092E0000092E0000092E0000092E0000B3
:10017000092E0000092E0000092E0000092E0000A3
:10018000092E0000092E0000092E0000092E000093
:10019000092E0000092E0000092E0000092E000083
:1001A000092E0000092E0000092E0000092E000073
:1001B000092E0000092E0000092E0000092E000063
:1001C000092E0000092E0000092E0000092E000053
:1001D000092E0000092E0000092E0000092E000043
:1001E000092E0000092E0000092E0000092E000033
:1001F000092E0000092E0000092E0000092E000023
:10020000092E0000092E0000092E0000092E000012
:10021000092E0000092E0000092E0000092E000002
:10022000092E0000092E0000092E0000092E0000F2
:10023000092E0000092E0000092E0000092E0000E2
:10024000092E0000092E0000092E0000092E0000D2
:10025000092E0000092E0000092E0000092E0000C2
:10026000092E0000092E0000092E0000092E0000B2
:10027000092E0000092E0000092E0000092E0000A2
:10028000092E0000092E0000092E0000092E000092
:10029000092E0000092E0000092E0000092E000082
:1002A000092E0000092E0000092E0000092E000072
:1002B000092E0000092E0000092E0000092E000062
:1002C000092E0000092E0000092E0000092E000052
:1002D000092E0000092E0000092E0000092E000042
:1002E000092E0000092E0000092E0000092E000032
:1002F000092E0000092E0000092E0000092E000022
:10030000092E0000092E0000092E0000092E000011
:10031000092E0000092E0000092E0000092E000001
:10032000092E0000092E0000092E0000092E0000F1
:10033000092E0000092E0000092E0000092E0000E1
:10034000092E0000092E0000092E0000092E0000D1
:10035000092E0000092E0000092E0000092E0000C1
:10036000092E0000092E0000092E0000092E0000B1
:10037000092E0000092E0000092E0000092E0000A1
:10038000092E0000092E0000092E0000092E000091
:10039000092E0000092E0000092E0000092E000081
:1003A000092E0000092E0000092E0000092E000071
:1003B000092E0000092E0000092E0000092E000061
:1003C000092E0000092E0000092E0000092E000051
:1003D000092E0000092E0000092E0000092E000041
:1003E000092E0000092E0000092E0000092E000031
:1003F000092E0000092E0000092E0000092E000021
:10040000092E0000092E0000092E0000092E000010
:10041000092E0000092E0000092E0000092E000000
:10042000092E0000092E0000092E0000092E0000F0
:10043000092E0000092E0000092E0000092E0000E0
:10044000092E0000092E0000092E0000092E0000D0
:10045000092E0000092E0000092E0000092E0000C0
:10046000092E0000092E0000092E0000092E0000B0
:10047000092E0000092E0000092E000080F0004027
:1004800002E000BF81F0004142001FBF5FEA41036C
:1004900092EA030F7FEA226C7FEA236C6AD04FEA6C
:1004A0001262D2EB1363C1BFD218414048404140B1
:1004B000B8BF5B42192B88BF704710F0004F40F463
:1004C000000020F07F4018BF404211F0004F41F47F
:1004D000000121F07F4118BF494292EA030F3FD04B
:1004E000A2F1010241FA03FC10EB0C00C3F120035E
:1004F00001FA03F100F0004302D5494260EB4000ED
:10050000B0F5000F13D3B0F1807F06D340084FEA57
:10051000310102F10102FE2A51D2B1F1004F40EB4C
:10052000C25008BF20F0010040EA030070474900B4
:1005300040EB0000013A28BFB0F5000FEDD2B0FA51
:1005400080FCACF1080CB2EB0C0200FA0CF0AABF74
:1005500000EBC25052421843BCBFD0401843704712
:1005600092F0000F81F4000106BF80F40000013218
:10057000013BB5E74FEA41037FEA226C18BF7FEAEF
:10058000236C21D092EA030F04D092F0000F08BF31
:100590000846704790EA010F1CBF0020704712F018
:1005A0007F4F04D1400028BF40F00040704712F157
:1005B00000723CBF00F50000704700F0004343F0BC
:1005C000FE4040F4000070477FEA226216BF0846F2
:1005D0007FEA23630146420206BF5FEA412390EAB5
:1005E000010F40F4800070474FF0000304E000BFAB
:1005F00010F0004348BF40425FEA000C08BF70475C
:1006000043F0964301464FF000001CE050EA01021F
:1006100008BF70474FF000030AE000BF50EA010234
:1006200008BF704711F0004302D5404261EB410121
:100630005FEA010C02BF84460146002043F0B64346
:1006400008BFA3F18053A3F50003BCFA8CF2083A6B
:10065000A3EBC25310DB01FA02FC634400FA02FC74
:10066000C2F12002BCF1004F20FA02F243EB02007B
:1006700008BF20F00100704702F1200201FA02FCDD
:10068000C2F1200250EA4C0021FA02F243EB0200D0
:1006900008BF20EADC70704753B94AB9002908BF87
:1006A00000281CBF4FF0FF314FF0FF3000F00CB8B6
:1006B000ADF1080C6DE904CE00F010F8DDF804E0AF
:1006C000DDE9022304B07047704700BF034613F80A
:1006D000012B002AFBD1181A013870472DE9F04789
:1006E0008C468E46089E154604461946002B40F05F
:1006F000D080724547D9B2FA82F74FB1C7F12003D3
:100700000EFA07FCBD40BC4020FA03F343EA0C0C90
:100710004FEA154EA8B2230CBCFBFEF80EFB18CC1A
:1007200008FB00F943EA0C43994528D9EB1808F176
:10073000FF3204D2994502D9A8F102022B44A3EB5F
:100740000903A4B2B3FBFEFC0EFB1C330CFB00F050
:1007500044EA0344A04214D92C190CF1FF3304D20B
:10076000A04202D9ACF102032C44241A43EA02400D
:100770001EB1FC40002334607360BDE8F087424640
:10078000DDE76346F1E7002A79D0B2FA82F3002B65
:100790003FD01946C1F1200302FA01F500FA01F435
:1007A0002EFA03F20EFA01FE20FA03F3AFB243EA87
:1007B0000E034FEA154EB2FBFEFC0EFB1C201A0C7A
:1007C0000CFB07F842EA004290455AD9AA180CF1EE
:1007D000FF3004D2904502D9ACF102002A44A2EBCA
:1007E00008029BB2B2FBFEFC0EFB1C220CFB07F7BF
:1007F00043EA02439F4246D9EB180CF1FF3204D280
:100800009F4202D9ACF102022B44DB1B42EA0042B8
:1008100002E0AEEB020301224FEA154EAFB2200C0C
:10082000B3FBFEFC0EFB1C330CFB07F840EA034352
:1008300098452AD9EB180CF1FF3004D2984502D91B
:10084000ACF102002B44A3EB0803A4B2B3FBFEFC03
:100850000EFB1C330CFB07F744EA0344A74216D9EE
:100860002C190CF1FF3304D2A74202D9ACF10203D8
:100870002C44E41B43EA00400F46114678E71F2151
:1008800088E76046ABE76246BFE76046DBE7634662
:10089000EFE7734506D916B9002108466DE7C6E9AA
:1008A000000EF9E7B3FA83F787B9734501D38242A3
:1008B00007D8841A6EEB030301209C461EB9002161
:1008C0005BE73846FAE7C6E9004CF8E7C7F1200CC9
:1008D000BB4000FA07F422FA0CF520FA0CF1BA40FA
:1008E0001D432EFA0CF30EFA07FE4FEA154941EAB2
:1008F0000E011FFA85FEB3FBF9F809FB18300B0C4B
:1009000008FB0EFA43EA00439A4540D9EB1808F178
:10091000FF3004D29A4502D9A8F102002B44A3EB80
:100920000A0389B2B3FBF9F809FB183308FB0EFE82
:1009300041EA03418E452CD9691808F1FF3304D2EE
:100940008E4502D9A8F10203294443EA0040A1EBF5
:100950000E01A0FB02984145CE46434602D306D184
:100960004C4504D20138B9EB020E68EB0503002EAA
:10097000A5D0B4EB0E0261EB030101FA0CFC22FAE4
:1009800007F3F9404CEA0303C6E9003197E7404614
:10099000C5E74346D9E700002DE9F341054641F696
:1009A000F07714461E46403BA7EB9307EB88194AA5
:1009B00001330846B2FBF3F234BBB2FBF1F303F1AF
:1009C0000F0424F00F034FF48058134C0A210194B4
:1009D000CDF8008007F08FFE98B9CDF80080642133
:1009E00020460E4B2A8900F0BFF9002809DB00974A
:1009F00006F1005301462A89084803F5603307F0E1
:100A00002AFF02B0BDE8F081BC4228BF3C4623016A
:100A1000D9E700BF0020A1073003002038100020D4
:100A20002DE9F04F89B002AF00F052FA03460028DA
:100A300040F092816C468AB002AAA449A448516150
:100A4000A449916141F6F071C2E907014FF40071C8
:100A50009184A14942F8101F4FF433519F4801F08F
:100A600041FAA5464FF00C0A9D4C012007F05AFFB1
:100A700094F804B0BBF1000F13D0BBF1030F33D0D7
:100A8000616998484023002908BF0146A2692046B1
:100A9000FFF782FFBBF1020F054635D00026B146B5
:100AA0003FE02289904BC2F10801490089B2102031
:100AB00001260225998099819982998304211E70CB
:100AC0005A80D8801D725A81D8811E745A82D88269
:100AD0001D765A83D88341F6F07383480093834B85
:100AE00007F0B9FE0546D9E7012120200D462289ED
:100AF0007D4B9980013109291D705A80D88003F1FE
:100B00000803F6D10821E6E70028C7DD00F1100947
:100B10004FEA89094B4655222046E169FFF73CFF21
:100B20000646002007F0FEFE002E20DA6D468AB051
:100B3000236802AA6E49D661C2E905134FF4007317
:100B400013846C4B42F8103F00234FF4115163485B
:100B500001F0C8F9AD4641F66A00002109F05AFAE1
:100B6000BAF1010A04F120047FF47FAF7AE7002D87
:100B700015DA6E468AB0236802AA5F49D561C2E9D8
:100B800005134FF4007313845A4B42F8103F0023AF
:100B90004FF41151514801F0A5F9B546DBE7D4F8FF
:100BA0000C80B8F1FF3F10D1E38854490133B1FB09
:100BB000F3F132202A01B1FBF0F02B0F0021FFF7F7
:100BC0006BFD012838BF01208046BBF1010F2AD1FF
:100BD000A36943B323684A49FB608B684FF47A7278
:100BE000BB60CB68D1E904017B600023FFF754FDB3
:100BF000EB468CB002AB9A624FF400729A851A46AB
:100C000040495961F9689961B968D9617968C3E95E
:100C100008103D4B42F8103F00234FF473512F480A
:100C200001F060F9DD4608F06FFE43468346294631
:100C30004020E28800F0B4F9034640B16D468AB026
:100C4000216802AA3148C2E90501D36176E7227919
:100C5000022A18D1F860206909F0EEF831464846BA
:100C600000F0CCF9FB6870B16D468AB0216802AA29
:100C7000274ED061C2E905614FF4007111841D490E
:100C800042F8101F61E7B8F1000F0ED1206909F09A
:100C9000D3F800F0C1F940B16D468AB0236802AACA
:100CA0001C49D061C2E9051348E7002107F114028D
:100CB00047F6122000F0C2F921680346044A68B3DF
:100CC0006D468AB0536802AA1348BCE7D0BF000043
:100CD0000080032002C00000050000018CB4000069
:100CE000B8B70000400D03003810002040800320FA
:100CF0001DC000000400000140C000000020A1074A
:100D0000300300205CC000000700000183C0000029
:100D1000A2C00000C2C00000E0C00000D2F828C09D
:100D200050687A696E468EB0A2EB0B09B4F806E003
:100D300002AADFF830B0C2E9075EC2E905B14FF49C
:100D4000007191860649C2E9098CC2E90B0942F893
:100D5000101F44F6C0411DE71C37BD46BDE8F08FAB
:100D600009000001F6C000002DE9F04F2DED068BC3
:100D700087B01E46039283888268642902FB03F3CE
:100D8000814608EE101AC568019306D96FF0150068
:100D900007B0BDEC068BBDE8F08F169B019A9A4216
:100DA0006CD80024039BA2465B0002936B1904934A
:100DB00044EB040305936B0009EE103A2746DFED80
:100DC000319A9FED31AA019B9F4201D13846DFE75E
:100DD000002320465146019AFFF75EFC2C194AF188
:100DE000000A8046002320465146019AFFF754FC32
:100DF000A0EB080BBBF5803F07F10107C6D2029BB1
:100E00005B45C3D2DDE90423D9F808104044A1FBB7
:100E10000001FFF741FC19461046FFF7F7FB07EE0C
:100E2000900AB8EE490A67EEA97A87EE800A06F0C2
:100E300027FFB0EEC07AF8EEC87A029B67EE877A99
:100E4000ABEB030307EE103AB8EE477A67EE877A0A
:100E5000F0EE408A87EE8A0A06F04EFF039BA6F862
:100E600006B07380B08030B1F5EEC08AF1EE10FAB2
:100E7000CCBF0120022006F8080BA4E76FF00B009E
:100E800086E700BFDB0FC9400000C8424FF4006294
:100E9000014B5A60704700BF00820D504FF4006252
:100EA000014B9A60704700BF00820D5008B5FFF7F4
:100EB000EDFFFFF7F3FF08F027FD034B1860034831
:100EC000BDE8084004F0C0B8300B0020F402002058
:100ED000F0B5002085B002F099FB00230193039345
:100EE00001236946029308F0BBF8041E04DB029B51
:100EF0009B07FCD1039C44B12346204A0121204892
:100F000008F0C1F9204605B0F0BD1E4802698168AD
:100F1000136823F4006313600B684FF4C0220B21A5
:100F20009847044610B1184A0346E7E7174DAE68E4
:100F300077684FB1034614212846154AB84704463E
:100F400028B1144A2346D9E76FF05704F9E733690B
:100F500043B10122142128469847044628B10E4A7D
:100F60002346CBE76FF05704F9E702220B4B58609A
:100F70009860586158621A60C4E700BFE7C100007A
:100F8000D4B40000F4AA000002C2000048AB000084
:100F9000AD0E000023C200004DC2000000800320FF
:100FA0002DE9F041124C1E4663688046022B0F4625
:100FB000154615D00F4804F0A1F800220123C4F80B
:100FC0000C8027616261E66125626262E2626360B1
:100FD000094883681B683BB1BDE8F0411021184700
:100FE0006FF00F00BDE8F0816FF05700FAE700BF27
:100FF00000800320F402002064AB0000054B024691
:10100000D86A20B95A6101229961DA6270476FF09B
:101010000F007047008003200122064B5A62DA62FB
:10102000054883681B6813B10022112118476FF02F
:10103000570070470080032064AB000010B50B46DA
:1010400014460246044804F033F818B914B1034BAF
:101050001B68236010BD00BFF4020020300B00208D
:101060002DE9F04F91B0009302F004030293C2F314
:10107000C2030133840705460E46DDF868A00392DB
:10108000059340F09C81041D002849D101F007061A
:10109000341DC6F10806009B00274FF004085A1EB5
:1010A0004FF0FF33B9460193BB46434604970DB159
:1010B000009820600598002800F3D6808F4800999A
:1010C000814203D38E488142C0F0CE800399601BD9
:1010D00011F0020C40F0D680B9F10F0F00F2CF8072
:1010E000002D00F0D68009F140010DEB010E0199B1
:1010F000C0F387000EF8200C0EF8101CBCF1000F96
:1011000000F0C38060F07F000EF8200C013709F179
:101110000109C5F108014FF6DA7E043406918CE02E
:101120000729B8D86FF01B0011B0BDE8F08F7A28FE
:101130005BD84B280FD8472857D829282ED82528E0
:1011400050D052D8202818BF23280CBF4FF0010BD5
:101150004FF0000B71E04C382E2846D8DFE800F045
:101160006D45454545454545454545454845454504
:101170004545454545564548485656566D486A4585
:101180006D4518481845457F7C48454548457C00D5
:1011900000204FF0000B4FF0040835E001212A3801
:1011A000C0B201FA00F010EA0E0F46D110F0625CF6
:1011B0002CD110EA010B40D06046013C4444B4FB02
:1011C000F8F408FB04F425B1A3EB050CA444B445E2
:1011D000A8D8002870D00598013805905AF8040B5B
:1011E000009064E70199013901914FF0000B24E070
:1011F00012F8010C6C2834D1002012F8023C83460E
:101200006C2BC8D14FF008084346D6E70AF1070A0D
:101210002AF0070A0734BAEC027B24F0070435B140
:1012200006982044B0423FF67DAF84ED007B4FF03E
:10123000000B08344FF00808434612F8010F00284D
:1012400053D0BBF1000F7FF472AF2528F5D14FF0DA
:10125000010B019B013301934FF00408ECE7584662
:1012600097E700208346A8E7039988077FF551AFE9
:101270004FF0010C601BB0F5007FFFF42DAF6FF055
:10128000150051E74FF0000CF5E704980130049089
:101290003DE7BCF1000F01D0013638E70299023674
:1012A00000297FF434AF0098CDE90632FFF70EFA3B
:1012B000DDE9063206442AE7042B08D10AF10400CE
:1012C00015B1DAF80010216082460434B5E70AF15E
:1012D000070323F0070303F1080A1DB193ED007B18
:1012E00084ED007B08230834A7E7631BB3F5806F08
:1012F000C5D23DB9A6F10804E01815E720AA000000
:1013000070CB0000029A9B0828602B709DF810306B
:10131000AAB1EB70AF702FB1002208A8C5F1010C83
:1013200091450ED14FF0000AC5F101030DF12008DF
:1013300001930DF1300BD14512D1601BF4E66B70B7
:10134000E8E710F8013B190608D50CEB040EB6458A
:1013500003F07F033FF6E6AE04F8013B0132DFE71E
:101360001FB198F90020002A17DB029BD3B11AF8AD
:101370000B2004F8012B0022019B18191044B042E5
:101380003FF6D0AE98F80000009904F8010B204613
:10139000039209F073F9039A14440AF1010A08F15F
:1013A0000108C8E798F8002055F822300093029B06
:1013B000009845F82230FFF789F9421CDCE76FF00E
:1013C0000D00B1E62DE9F04F97B000AF05468A4613
:1013D000C7E90A3249B903784678807800EB830080
:1013E0002844564524D8A0EB050AD7F8803095F854
:1013F000028003F00103D7F88040FB61EB78B8F17D
:10140000000F0CBF002404F001047B621BB1D7F86D
:1014100080309A0715D4A4B9FB6A1BB151462846FF
:10142000BA6A9847564630465C37BD46BDE8F08FED
:10143000441C2046FFF74AF9013020440AF1010A12
:10144000CFE7D7F88030C3F3C0033B622B78BB6192
:101450009B003B616B687B61BB6905EB830BFB6A9F
:10146000002B77D15646D844BCB11C461BF8013B33
:1014700055F82300FFF72AF9D7F88430013043B13B
:10148000D7F88830A34282BFD7F8843023F81400FD
:101490000134C3450644E9D1D846D7F880304FF02F
:1014A000000913F0050F0CBF4FF0020B4FF0010BBA
:1014B0007B6A9945B7D298F8013008F1020855F8CF
:1014C00023A0AE4B9A45C0F04D81AD4B3A6A9A4588
:1014D0002CBF002301230AB318F8021C7869FB62B1
:1014E00007F0C3FAFB6AC8B1EA468AB06A46A54B60
:1014F00005937B69CDE906314FF40073ADF82030D8
:10150000A14B42F8103F00234FF412519F4800F0C6
:10151000E9FCD546023E09F10109C9E723B1FB699F
:1015200033B9A6EB0B06F6E7D7F880309B07F2D568
:101530005046FFF7CBF8D7F884304BB1D7F8883056
:101540009C423FBFD7F88420431C22F8143001345A
:101550000644E0E7002C6AD1B8F1000F6DD0D7F84F
:1015600080305E076CD5C14607F1480042465946B7
:1015700009F084F800220BEB0803FB600233796A60
:101580008A425FD3D7F8802095F801B0F9699207B5
:1015900004EB0B0348BF0022DBB258BF4FEA5902ED
:1015A000002940F0A780D7F8801011F0040F14BF75
:1015B000494600216B70A970EA702846BA6A3969F9
:1015C000FB6A9847061EFFF62EAFBB6949462B7093
:1015D0007B6ABA6AEB7085F801B0FB6A85F8028015
:1015E00007F148009847B0F10009C0F2B7803B69A5
:1015F0007A6A786A03EB4201FB68414403EB4000DE
:10160000BA6AFB6AAAEB010198470028C0F2A880D9
:101610004FF0000BB14409EB000607F1380AA3456F
:101620006AD30021BA6A0846FB6A9847FBE644463B
:101630004FF0000907F1380098E74446C14699E7A2
:10164000A14697E713F8021C13F8016CB96055F82E
:1016500026004A498842C0F08B8049498842396A4D
:101660002CBF4FF0000B4FF0010B41B1B968786906
:10167000C7E9003207F0F9F9D7E90032F0B9BBF158
:10168000000F1ED0F96949B1611C04F1280007F16F
:101690003004041904F8206CCCB20FE0D7F88010A5
:1016A00048070BD509F1280007F1300C09F10101B9
:1016B00000EB0C0909F8106C5FFA81F90132023372
:1016C0005DE7D7F880108907DED409F1280107F11A
:1016D000300C8C44B96809F101000CF8101C07F1BA
:1016E000580109F1020951FA80F05FFA89F900F80E
:1016F000106CE3E700215DE71BF80A3055F82390F2
:1017000087F83730D7F884302BB3D7F888309B452B
:1017100021D2D7F8843033F81B800121BA6AFB6AE2
:1017200007F13700984700281ADB0644B8F1000F8C
:1017300006D14846FEF7CAFF00F101081FFA88F8F3
:1017400041464846BA6AFB6A9847002808DB0644C7
:101750000BF1010B63E74FF00008DEE74E4662E64F
:10176000064660E63B6A002B3FF4DEAE0023B3E69C
:10177000396A0029A5D04FF0000B77E720AA0000B6
:1017800070CB000079C200000400000174B40000B6
:10179000014B1860704700BFF000002080B505467F
:1017A0000E461746984603F085FF034601F03EFBC0
:1017B0000446DFF81890424649F800303946304672
:1017C000A84754F8090001F0ABFA00BF0800000078
:1017D0002DE9F047058B0446280717460CD501294B
:1017E0000CBF45F0100545F02005258387F31188CF
:1017F000BFF36F8FBDE8F087022905F0070540F0C1
:101800009480204607F0C9FB052864D801A353F84B
:1018100020F000BFED1700002B190000D7180000C2
:1018200099180000B3180000C518000001F0070364
:101830005A1F012A1FD8002221F00701062BD4F8D5
:10184000008089B2C4E9002209D1434603E0628BDB
:10185000013262831B68002BF9D141F0020120465E
:10186000218307F09AFB4FF0000900286DD041F06A
:101870002001218369E0042B0AD121F0070189B2FC
:101880002046218307F089FB10B141F0200121831C
:101890004FF00008C14658E02369D3F80090238B2D
:1018A00023F0070343F006034FF000082383464666
:1018B0004BE02369D3F80490238B23F0070343F014
:1018C0000403F1E72369D3F80890238B23F007037F
:1018D00043F00503E8E74FF00008C146E7E70122BF
:1018E00043F00803238387F31188BFF36F8F002A27
:1018F0003BD1B8F1000F4AD1B9F1000F02D0204618
:101900002C49C847EFF31187202383F31288BFF3D4
:101910006F8F238B23F008039BB22383D9063FD517
:1019200023F01002228303F007056669218B002E45
:10193000BFF67CAF00239946D4F8008021F0070160
:10194000C4E9003341F001012183238B03F0070A2E
:10195000AA4502D0A268002AC1D1B8F1000F02D175
:10196000B9F1000FDAD00022BAE7A1680029C0D08F
:101970000D680029BDD03346524620464F68B8470F
:101980001DB12B6829461D46F3E72B46FAE7414671
:10199000334652462046D8F8008007F02AFBA8E7D5
:1019A0009A067FF523AF23F02002228303F0070578
:1019B00027E700BF1F9000002DE9F04704460746C7
:1019C0004FF00109DFF84C8094FAA4F5B5FA85F5DB
:1019D00009FA05F32E0108EB05156FEA030A24EA5C
:1019E00003042B7B63B158F806301B696BB946447E
:1019F000736804222846196807EA0A0707F0CAFB39
:101A0000002CE1D13846BDE8F087284698470028E9
:101A1000F6D1ECE7ECB4000010B5002288B00E4916
:101A20000E4808F0C6FB002200230024CDE906235F
:101A30000E234FF44072CDE90334CDE90144084B45
:101A400008490094084803F0CFFB0849064808F00D
:101A500047FA204608B010BD711A0000180800208F
:101A60008D1D0000409000204803002038C3000076
:101A7000014803F0E9BA00BF040300202DE9F04754
:101A8000804621480F4607F069FB0646002833D000
:101A900000252846BDE8F087237B83B12368DB68F7
:101AA0000BB120469847636883F8069023681B694A
:101AB000D3B9636804222046196807F06BFB01362E
:101AC00010345445E8D3B8F1000FE2D0002DDFD038
:101AD0002846FFF771FF0546002FF7D0002140F29E
:101AE000391008F097FAF1E7204698470028E0D02F
:101AF00009FA06F31D43E2E705464FF00109034CDE
:101B0000DFF80CA0DDE700BF440B0020ECB40000C0
:101B1000FCB40000014B53F8200070474CB90000A2
:101B200008B5034608462BB1044A136000F038FCA0
:101B3000002008BD6FF01500FBE700BFF400002097
:101B400010B5044C237813B9034803F07DFA012340
:101B5000237010BD389000200403002010B5044607
:101B6000094807F0FBFA3CB1084BD3E8EF1F0139F5
:101B7000C3E8E21F002AF8D1054804F0ABF8BDE83D
:101B80001040044803F060BA3C0B0020400B0020DA
:101B900018080020040300200022044BD3E8EF0FB4
:101BA000C3E8E12F0029F9D1704700BF3C0B0020AA
:101BB00070B5FFF7F1FF0546074C084EB44200D35D
:101BC00070BD63685B792BB123685B6813B12946EC
:101BD000204698471034F1E7ECB40000FCB4000054
:101BE00010B5044C0449204607F06CF8034B1C6008
:101BF00010BD00BF7C02002038B90000340B00206B
:101C000000230D4A10B513700C4A0D4913600D4A9C
:101C10000D481360FFF784FFFFF7E2FF0B4B0C4901
:101C200018468B4200D310BD1A1A5C68121101329B
:101C300022711033F5E700BF399000203C0B0020E3
:101C400040420F00400B002059910000ECB400000E
:101C5000FCB40000014600220023014807F053B8FD
:101C60007C020020014807F0EAB800BF7C02002097
:101C7000024B0146186807F03DB900BF340B002045
:101C8000014807F072B900BF7C020020F8B5284B6C
:101C90001B78002B4AD0FFF7E5FF0446002842D10D
:101CA000244B254D1B68002B19DD08F080FA4FF4FA
:101CB0007A76A0FB060747F61222002306FB017185
:101CC000FEF7EAFCD5E90032C01A40F2E93361EBD5
:101CD0000201984271F1000101D3FFF769FFD5E9D4
:101CE000003213F57A7342F10002C5E90032ECB11B
:101CF000BDE8F840FFF7C4BF6B685B7923B12B6880
:101D0000214628461B6898471035B542F4D3204633
:101D1000FFF7AEFF094BD3E8EF1F0139C3E8E21F1D
:101D2000002ABDD0F7E7064D064EEEE70020F8BDCD
:101D3000389000203C0B002010080020400B0020B1
:101D4000ECB40000FCB4000070B50D4D297861B909
:101D50000120FFF793FE0B4C0B4EB44206D3FFF766
:101D600095FF0028FBD101232B7070BD63685B7960
:101D70001BB1236820469B6898471034EDE700BFED
:101D800039900020ECB40000FCB4000000212DE9E3
:101D9000F8430846FFF772FE044648B340F21B685A
:101DA0004FF0000901F042F81A4B1B4A1B58136010
:101DB00033B11A4B1B68092B02DD194803F044F9B3
:101DC0000025184F44B12046FFF7F6FD044618B928
:101DD0004FF0FF384FF0FF39FFF758FF064628B99C
:101DE000B5B90F4842464B4603F062F93546E9E77C
:101DF0004FF0FF384FF0FF39D4E72B689B691BB1D8
:101E000000222846114698471035BD42F5D3E8E731
:101E1000054DFAE708000000380B0020400B0020B9
:101E200004030020FCB40000ECB4000013B5184813
:101E300007F094F9174B1B7873B1EFF3118420234B
:101E400083F31288BFF36F8FFFF720FF84F31188AD
:101E5000BFF36F8F02B010BD0F4B1B68002BF9D082
:101E600050B9002200230D48CDE9002347F6122285
:101E7000002303F0F7FEEDE70928EBD1074803F054
:101E800029FF074802B0BDE8104003F0DDB800BFED
:101E9000400B002039900020380B0020180800204B
:101EA0000403002010B5064B04461B6898472146E2
:101EB000A060044806F0A4FFBDE81040FFF7B6BFDD
:101EC000F40000207C020020044A054B9B1AB1EB71
:101ED000D30F34BF52F83100002070476CB40000BB
:101EE000ECB400002DE9F04F8FB0C1F34A2604AFE7
:101EF0000D469046B8607B600C0D002E61D04FF00F
:101F000000090A234FF0040B07F1140AFE60C7E929
:101F10000799C7F824900093CDF808B0CDF804A035
:101F200007F11C034A464046F968FFF74BFAB0F543
:101F3000006F03461CD36C468AB0D8F8041004AB7B
:101F400024481A46C3E9050140F2FF71D9614FF4F4
:101F500000711984204B42F8103F4FF412514B4648
:101F60001E48FFF7BFFFA5462C37BD46BDE8F08FE2
:101F7000C0F30A0604F11700184420F00700800897
:101F80003B60FFF767FE66F35325044680B13B686C
:101F900000F11001C7E908390A23F961CDE901AB65
:101FA000009340460E4AF96807F11C03FFF70AFA4E
:101FB00066F353252A4620467B68B96807F00AF97C
:101FC000D2E704F1170020F007008008FFF742FE77
:101FD0000446EDE74DC300000400000194B4000086
:101FE000A79100002DE9F04F87B00546DDE9106BA1
:101FF000DDE9127A884614469946BFB110213B4666
:102000005A460020CDF800A0CDF814A0FFF728F81C
:10201000B0F5006F01460BD340F2FF730221184A5E
:10202000184807B0BDE8F04F07F02DB939463846DB
:1020300004F0070305F00704E40044EA831444EACB
:10204000402444EA065406F11700084420F0070033
:1020500080080391FFF7FEFD054640B13FB13B46C6
:102060005A460399CDF800A01030FEF7F9FF4B4611
:1020700022464146284607B0BDE8F04F07F0AAB80F
:102080008CC3000094B40000406820B1034BC01A18
:1020900040F3CF0070474FF0FF3070476CB4000042
:1020A0000EB403B503AB53F8042B01460448019367
:1020B00001F0F0F802B05DF804EB03B0704700BF28
:1020C000D1920000CA0605D48B064CBF02490349D1
:1020D000FFF7E6BF704700BFC5C30000C4C30000E0
:1020E0002DE9F04F89B098469DF85090159B044615
:1020F00006930D46DDE916A3189F05920493B9F1E6
:10210000000F00F0AE8007F48073079307F040F8EB
:1021100007F0020B0246002872D020467649FFF7EE
:10212000BFFF0646BBF1000F08D017F0440F69D17E
:102130002A4620467149FFF7B3FF064407F0010322
:1021400053B16F4B204653F829206E4B6E49002A3D
:1021500008BF1A46FFF7A4FF07F48073002B07F0AF
:10216000080318BF4FF00008002B77D0674B2046BC
:1021700053F829206649FFF793FF0546059B2BB1CD
:102180001A4620466349FFF78BFF0544B8F1000F5C
:1021900005D0424620466049FFF782FF05445F486C
:1021A0003544069B1BB122465D4906F02DFC049B7D
:1021B000002B00F08C80049B3946102B28BF102385
:1021C000204698460026FFF77DFFB54250DC0026EA
:1021D000334620461AF803205249FFF761FF0136C3
:1021E000102E4BD0710703D120464F49FFF758FFFF
:1021F00046453346EDD320464C49FFF751FFEEE705
:1022000006468FE74A4B1868002896D0494B4FF492
:102210007A7B1B684FF03C0CB5FBF3F5B5FBF0F196
:102220004FF4616300FB11550BFB05F5B1FBF3F2B5
:10223000B5FBF0FE03FB121100FB1E55B1FBFCF3D6
:102240000BFB05F5B5FBF0F50CFB131120460091D7
:10225000CDE901E53849FFF723FF6EE707F00805F0
:102260008CE7B8F1010F4D460CBF2C48334898E776
:1022700020462D49FFF714FF0136A6E70026204629
:102280002F49FFF70DFF33461AF803202046A2F12D
:1022900020035F2B28BF2E222A49FFF701FF0136BA
:1022A000102E0DD0720703D120461F49FFF7F8FE0C
:1022B000B0453346E8D820461B49FFF7F1FEEEE76C
:1022C000049BC244B3EB080304937FF474AFB9F1E9
:1022D000000F0AD0FB0704D520460A4A0A49FFF737
:1022E000DFFE39462046FFF7EDFE204609B0BDE887
:1022F000F04F06F0E0BF00BFCCC30000D0C3000029
:102300005CB90000C7C30000F5C3000070B900004D
:10231000F8C30000FEC3000002C40000D192000018
:102320009532000007C400000FC400000DC4000077
:102330004C0B0020480B0020D9C30000FF92000086
:1023400011C4000013C4000042F20F7373B58B4236
:1023500028BF0B4605680446052168460D4A04F06F
:10236000C5FB0646636828460B225B680A4906F0EF
:1023700094FF63683246694628465B6806F08DFF25
:1023800063681B2228465B68044906F086FF02B09A
:1023900070BD00BFAFC5000047CB00002BCB0000D5
:1023A00000210123064A904206D8064A01B90123BA
:1023B0001360054B18607047012140085B00F2E78D
:1023C00040420F00480B00204C0B0020F8B50D4692
:1023D0000446064F4618B44201D12846F8BD14F809
:1023E000011BBB6801485B689847F4E72CAB000011
:1023F000014B036000207047B8B9000008B50448DD
:1024000006F052FB034806F04FFB002008BD00BF5A
:1024100050C4000085C4000008B50348034A0021E9
:10242000121A06F0E9FF08BD30030020409000209A
:10243000074808B5074A0849121A06F0DFFFBDE849
:1024400008400648064A0749121A06F0D7BF00BFDF
:10245000600000202C03002070CB000060000020F2
:102460006000002070CB00002DE9F84F80460C463C
:1024700000AF002965D0D1E90012E9468AB0A3680F
:102480006D464FF0050A6E463748CDE90723CDE982
:10249000050146F810AF002332464FF4215133486E
:1024A000FFF720FDD4E90312CD466369AD463048FD
:1024B000C5E90723C5E90501C5F810A00023324688
:1024C0004FF421512948FFF70DFDCD46E369012165
:1024D000284A264806F0D7FE264600254FF00A0A6D
:1024E000DFF8A0B0E946D6E908C0D6E90A138EB0F5
:1024F0006A46CDF81CC005F1010CCDE908C0A81C46
:10250000CDE90A01E91CCDE905B5CDE90C1342F886
:1025100010AF002345F2400114480435FFF7E2FCF8
:10252000102DCD4606F11006DCD1236E0121124A92
:102530000E4806F0A8FEA3690121104A0B4806F0D8
:10254000A2FEB8F1010F07D1EFF305830C4A414613
:102550000648103B06F097FE2146404602F028FB55
:10256000BD46BDE8F88F00BFB2C40000BCB4000097
:10257000E1C4000010C5000062C5000071C5000084
:102580009FC500001FC5000030BFFFF7FDBF00BFA3
:102590002DE9F04105460B4EDFF83080324606EB60
:1025A0000807CC1B2046084908F068F8A0194246E5
:1025B0000021083C08F06FF8AC6707F10800BDE89F
:1025C000F08100BF00000000FCB400000400000027
:1025D00010B5244C2449254806F01DFFA36A990133
:1025E0003ED52248224906F016FF1E20A36ADA01D2
:1025F00004D51E481F4906F00EFF1F20194CA36A80
:10260000DB0204D519481C4906F005FF0220A36A25
:102610001C0304D51548194906F0FDFE2120114C74
:10262000A36A590304D51148154906F0F4FE222087
:10263000A36A9A0304D50D48124906F0ECFE232044
:10264000084CA36ADB0304D508480F4906F0E3FEF3
:102650002420A36A6FEA03436FEA1343A36210BD09
:102660001D20C3E700ED00E0B2C50000BCB40000CF
:10267000CAC50000DDC50000F7C5000021C6000086
:102680003FC6000064C600007EC6000070B5064666
:102690000D46294C29492A4806F0BDFEA36ADB06EF
:1026A00047D52748274906F0B6FE1120A36A1C0724
:1026B00004D52348244906F0AEFE12201E4CA36A1E
:1026C000990712D521491E4806F0A5FE636BA26A40
:1026D000120609D501211E4A194806F0D4FD1EB183
:1026E000A36A23F08003A3621320134CA36ADE07BE
:1026F00004D51348174906F08EFE1420A36A9C06E1
:1027000004D50F48144906F086FE15200A4B9A6A34
:10271000D10658BF9A6A9A6A920642BF5A6A22F450
:1027200000525A629A6A42F0FF029A6200232B70AA
:1027300070BD1020BAE700BF00ED00E0A9C60000A0
:10274000BCB40000BFC60000F2C6000005C7000010
:102750001DC7000033C7000052C7000070B5064611
:102760000D46284C2849294806F055FEA36AD9048D
:102770003CD52648264906F04EFE1720A36A1A05C6
:1027800004D52248234906F046FE18201D4CA36AB2
:102790009B0512D51D48204906F03DFEA36BA26A99
:1027A000100409D501211D4A184806F06CFD1EB120
:1027B000A36A23F40043A3621920124CA36A5905AB
:1027C00004D51248164906F026FE1A20A36ADA0537
:1027D0000ED50E48134906F01EFE1B20094A936AC7
:1027E00043F47F43936200232B7070BD1620C5E72E
:1027F000A36A9B04F2D505480B4906F00CFE1C2089
:10280000ECE700BF00ED00E081C70000BCB40000B1
:1028100097C70000F2C60000A8C70000C1C70000AB
:10282000D6C70000F1C7000052C700002DE9F041F3
:102830009CB0644B0546D3F80480002600AFC8F373
:10284000080486F31188BFF36F8F02F07F43B3F162
:102850007F4F07D102F00C03082B12D15A495B4875
:1028600006F0D9FD002635460023FB71E31E092B37
:1028700000F28880DFE803F00A7E817A8686868609
:10288000868410074CBF0D460126EDE750494F489E
:1028900006F0C1FD00234B4CFB71E36A9A0705D596
:1028A0004C494A4806F0B7FD00242DE0E36A002BAE
:1028B00001DA4949F5E7E36A5B00F5D54749434842
:1028C00006F0A9FD6369AA6943F480736361BFF3ED
:1028D0004F8FBFF36F8F32F8023C626922F480722F
:1028E0006261BFF34F8FBFF36F8F03F47F42B2F586
:1028F0005F4F25D1DBB2022B22D12B680121384A50
:10290000324806F0C0FC2C68FB79ABB96822294636
:1029100007F1080007F0B2FE7B6A002E4FD0C3F328
:10292000080222B96FEA53236FEA43237B622046F1
:1029300007F10801FFF798FD7037BD46BDE8F0814B
:10294000204B9A6AD2B222B10120F91DFFF79EFEF8
:102950000EE09A6A12F47F4F04D00120F91DFFF7B0
:10296000FDFE05E09B6AB3F5803F9DD3FFF730FE87
:102970000446C9E70020F91DE8E70020F91DEEE74D
:1029800018498EE7184A18F4F87FE8468AB0174BC2
:1029900008BF13466A461649103CCDE905134FF4AB
:1029A0000073ADF82030134B079442F8103F00231A
:1029B0004FF411510548FFF795FAC54674E76FF3D8
:1029C0000803B3E700ED00E037C80000BCB4000026
:1029D00062C8000079C800009AC80000A8C80000BA
:1029E000C7C80000E3C8000009C800001EC80000F6
:1029F00007C9000004000001064B5A6942F01002AA
:102A00005A615A6942F480625A615A6922F0080296
:102A10005A61704700ED00E0EFF30880EFF30981A1
:102A200001B57246FFF702FF01BD00BF002080F331
:102A30001488BFF36F8F002080F30A8880F30B881F
:102A40000F4880F3088801F065FA00200D490860FE
:102A5000BFF34F8F00F02CF8202080F311880A4834
:102A60004FF40061401880F30988EFF314800221CD
:102A7000084380F31488BFF36F8F00F0A5F80000BF
:102A800080A0002094ED00E0409300200023184631
:102A90000649D1F89020C2F30722934200DB704729
:102AA000C1F89830C1F8A0000133F6E700ED00E06E
:102AB00010B572B6002484F31388FFF7E7FF2346AE
:102AC0004FF0FF300C4A03F120010133102B42F884
:102AD0002100F8D100234FF0FF30074A03F16001D5
:102AE0000133102B42F82100F8D162B6BFF34F8FAB
:102AF000BFF36F8F10BD00BF00E100E01EF0040FB8
:102B00000CBFEFF30880EFF30980816911F8021C14
:102B10000229FFD001B5724606F072FC01BD00BF6C
:102B200000B2002807DB01234109034A00F01F001F
:102B3000834042F82130704700E100E000B20028F5
:102B40000CDB01220649430900F01F0082402033BC
:102B500041F82320BFF34F8FBFF36F8F704700BF43
:102B600000E100E0054B420953F82220012300F068
:102B70001F0003FA00F01040704700BF00E100E0C2
:102B800000B2002801F10101ACBF00F16040064B2A
:102B90004FEA4111C9B2ABBF00F5614000F00F0030
:102BA00080F800131954704714ED00E0044B054AF7
:102BB00023F07F039360BFF34F8FBFF36F8F704796
:102BC0000000000000ED00E008B5FFF7EFFF104B3C
:102BD000D3F8882022F47002C3F88820D3F8882024
:102BE00042F4A002C3F888204FF04042C3F83422D8
:102BF000BFF34F8FBFF36F8F0023E1EE103AFFF763
:102C00000BFCFFF715FC00F0EFF802F0F3F800BF43
:102C100000ED00E04FF47D41C0F8C41042F8203CC4
:102C2000009B0B4942F81C3C019B21F0010142F83A
:102C3000183C029B42F8081C42F8143C4FF0807389
:102C400042F8043C0023203A0265C367704700BF86
:102C50009D170000104B9B6883421AD1EFF305804B
:102C6000B8B9EFF31181202282F31288BFF36F8F7E
:102C70009A8922F002029A81EFF3148323F004036D
:102C800083F31488BFF36F8F81F31188BFF36F8FC5
:102C900070476FF0150070478C0C00200E461546EB
:102CA000002300B5E1EE103AEFF3148323F00403A0
:102CB00083F31488BFF36F8FBFF36F8F0B4B826F5B
:102CC00098600B4B1A60836E83F30B882C4686F357
:102CD00009880020034B984720460021002200234A
:102CE000014C2047339400009D1700008C0C0020FD
:102CF000740B00201022014B1A61704700ED00E0B8
:102D0000054B9A699B689A421FBF044A536843F077
:102D100080535360704700BF8C0C002000ED00E032
:102D2000084B9B6883420BD1EFF3058343B1064BFD
:102D30005A6842F080525A605A6A22F400425A623B
:102D400002F0BEBC8C0C002000ED00E023498A6834
:102D500082F8C5E04FF030001044EFF3098C80E8B2
:102D6000F01F1EF0100F03D102F1840080EC108AD6
:102D7000202080F31288BFF36F8F194F4FF0006649
:102D80008A698A603E60906F164C206092F9C5E0B7
:102D9000D06F0023D36780F311881EF0100F03D08B
:102DA0000023E1EE103A03E002F1840090EC108A77
:102DB000EFF3148323F0040383F31488BFF36F8FBE
:102DC00002F1300090E8F01F8CF3098802F1000056
:102DD00004B506F028FBBDE8044070478C0C0020C9
:102DE00004ED00E0740B00200023202040F20F12BD
:102DF00010B5044CE1180133934281F80003F9D176
:102E000010BD00BF00E100E008B5EFF30583064AFE
:102E1000103B02EBC30152F8330049688847BDE814
:102E20000840FFF76DBF00BF80AB0000014800689D
:102E300070470000740B00201FB50121094B0A4A9E
:102E40000A4800F00FF90023064A0393084B0121BA
:102E5000019301A8D31A029300F00EF905B05DF8B2
:102E600004FB00BF0080022000000020B8B9000071
:102E7000300300200A7A0B6810B562F304031C4685
:102E8000CB68520923F01F0343EA4203044A43F08C
:102E90000103C2F89800C2F89C40C2F8A03010BDEF
:102EA00000ED00E010B50A4BD3F89030C3F30723D0
:102EB000013B984208D901210346064A064806F01C
:102EC000E2F96FF0150010BDFFF7D4FFFBE700BF7C
:102ED00000ED00E01EC90000ACB400002DE9F04F89
:102EE0008946144606464FF000084F4D85B0C84548
:102EF00027DAD6F804A0BAF1000F44D0BAF11F0FB8
:102F000017D91AF01F0F14D1D6F800B01BF01F0FFD
:102F10000FD1584606F0B0FA07460AEB0B0001380D
:102F200006F0AAFA874210D06FF015073F4A3B46D9
:102F300001E043463E4A01213E4806F0A4F96FF005
:102F40001504204605B0BDE8F08F17F1160FEDD03F
:102F5000BC42EBDDC5F89870D5F89C10C5F89870A8
:102F6000D5F8A03021F01F0143F01F0BD6E9003245
:102F70001A44994202F1FF3A1AD1D34507D131469A
:102F8000F8B206F082FA08F101080C36AFE73146D4
:102F9000C5F89870D5F89C30E0B263F30402C5F828
:102FA0009C2006F072FA10F1160FC8D0441CEAE714
:102FB000C5F89870D5F8A020013B23F01F0302F05C
:102FC0001F021343D3453146E0B2C5F8A030E8D024
:102FD00006F05BFA10F1160FB1D0C5F89870D5F86D
:102FE0009C209DF808300BF1FF3B62F304038DF841
:102FF0000830D5F8A0309DF808205B0863F347122D
:103000008DF80820D6E900321344009323F01F0303
:103010005B44A3EB0A03013023F01F036946C0B2EF
:103020000393FFF73FFFBEE700ED00E06AC9000031
:1030300044C90000ACB400000522044BC3F894203E
:10304000BFF34F8FBFF36F8F704700BF00ED00E0FD
:10305000BFF35F8F0022024BC3F89420704700BF7C
:1030600000ED00E010B5034C2278FFF737FF207029
:1030700010BD00BF3B9000202DE9F74F294D8A4637
:1030800006464FF00008AB46274FD0451BDAD6F86E
:103090000490B9F1000F3FD031680846019106F065
:1030A000EBF90199044609EB0100013806F0E4F957
:1030B00084424FF014021D4B08D002FB08F36FF05E
:1030C00015024BF8032003B0BDE8F08F14F1160F82
:1030D0002C60F8D01978A142F5DD02FB08B0C7F8E2
:1030E0009840C7F89840D7F89C4000F10801007B51
:1030F00064F304000871D7F8A0000C79400860F36D
:1031000047140C71D7F89C1021F01F016960D7F8A3
:10311000A01021F01F01296108F1010814350C36B7
:10312000B3E700BF780B002000ED00E03B900020EB
:10313000F0B55349534DD1F890302C68C3F30723B1
:103140009C4287B000F299800020FFF781FF4E4B30
:10315000C1F8C030844216D14C4D01A82C70FFF745
:1031600047F9002607464A4CB74213D100202B7876
:103170004349D1F89020C2F30722934277DBFFF74F
:103180005BFF002046E0696801EB0011FFF772FE6B
:103190000130DFE70199300101EB0613DA682240C4
:1031A000B2F1807F52D00AD8B2F5001F34D0B2F508
:1031B000800F3ED0B2F5801F12D00136D4E7B2F1B5
:1031C000006F43D0B2F1805FF7D15A689B6809580D
:1031D000013B22F01F00034423F01F03012032E0D3
:1031E0005A689B680958013B22F01F0003440120E4
:1031F000844623F01F0340EA4C10CDE902218DF8EC
:10320000100002A928780593FFF74CFE00282ADA5F
:103210006FF0150007B0F0BD5A689B680958013B74
:1032200022F01F0003444FF0020C012023F01F0383
:10323000E1E75A689B680958013B22F01F000344EC
:10324000062023F01F034FF0000CD4E75A689B6858
:103250000958013B22F01F0003444FF0030C0120EA
:1032600023F01F03C7E72B7801332B70A5E7C1F8C4
:103270009830C1F8A00001337BE74FF0FF30C9E779
:1032800000ED00E0C4B90000AAFF44003B9000201C
:103290000000F0FFF0B587B007460E461446002147
:1032A000102268461D4607F0F6F902238DF8023019
:1032B000054B2A4621466846CDE90476019303F082
:1032C000CDFC07B0F0BD00BFBD94000008B5024BB7
:1032D0001B689847002008BD8C0B0020034B044A54
:1032E0001860937843F00203937070478C0B0020B2
:1032F0000001002008B50649064821F00701C1F188
:10330000005202F5203205F03EFB002008BD00BF50
:1033100087A00020900B002008B5244A244B1A6097
:1033200000F060F84FF47A612248D0F82436C3F3F5
:103330000802C3F309434B4382F480721E4988326A
:1033400001FB02334FF4FA215B00B3FBF1F201FB06
:1033500012331A49B3F57A3F28BF0132C1F8042964
:10336000D0F820364FF47A60C3F30802C3F3094360
:10337000434342F21C5082F4807202F2172200FB97
:1033800002334FF47A701B0AB3FBF0F200FB1233E6
:103390000020B3F5FA7F4FF0010328BF0132C1F8D6
:1033A0001C27C1F80009C1F8003608BD0020A1079C
:1033B0000C02002000C0FF00F82A0080000012501C
:1033C00048B1054B054A1B68B3FBF2F35843044B65
:1033D00043F00103184770470C02002040420F00E1
:1033E00010B500000122024BC3F80424704700BF4F
:1033F000002008E0084B70B5C31A0D4607499B1022
:10340000044659434022064806F0B9F82B460146C7
:103410002046BDE870401847B00B0020B76DDBB602
:10342000BCAA0000402373B50B4C0093041B0B4651
:103430000D460A49A41061430646094A094806F0A8
:10344000CAF8014628B130462B4602B0BDE87040AC
:10345000184702B070BD00BFB00B0020B76DDBB6DF
:1034600043960000BCAA0000F8B5002201210546E1
:1034700040F20510FFF784FB0F4800F0F5FD04460D
:10348000B8B900F011FE2F690C49384605F0D5FD9A
:10349000031E09DB01263E642D69084905F11C0065
:1034A00005F0CBFD031E02DA1C462046F8BDEE6493
:1034B000FBE76FF00404F8E7ED35000004BA000004
:1034C0001FB5002201236C46CDE902236B46074A53
:1034D000CDE9004406F0AEF828B943F609520023BE
:1034E000684601F0E5FD04B010BD00BF579600002E
:1034F00010B5EFF31184202383F31288BFF36F8F8D
:10350000074A136823F00201DB07116002D401208F
:1035100006F04FFA84F31188BFF36F8F10BD00BF20
:10352000000C00200C22104B014602FB003300204F
:1035300030B4D3E90E529863EFF31180202484F362
:103540001288BFF36F8F1C6C04F0C00444F00204B7
:103550001C6480F31188BFF36F8F1DB12B4630BC04
:103560000248184730BC7047B00B0020BCAA0000CE
:1035700010B4EFF31180202282F31288BFF36F8F13
:1035800017490B6843F0020413F001030C6017D0D5
:10359000144BD3F80C3413F4803311D0EFF31181B2
:1035A00082F31288BFF36F8F0F4A136C03F0C003CE
:1035B00043F00203136481F31188BFF36F8F01237B
:1035C00080F31188BFF36F8F23B100205DF8044BA7
:1035D000FFF7A8BF01205DF8044B06F0E2B900BF79
:1035E000000C002000E01050B00B0020022808D092
:1035F000042808D1044B186C10F0070003D1FFF722
:1036000091BF0120FBE77047B00B0020C3B21C2024
:10361000014A00FB03207047B00B00202DE9F04168
:10362000012280463549D1E8EF3FC1E8E02F00286C
:10363000F9D133B9324933484B60CB608A6005F029
:103640000FFD08F1FF33012B4BD8B8F1010F06D164
:103650002D4BD3F8503403F00303012B41D006F077
:1036600039FC054650B1EFF31186202383F312880D
:10367000BFF36F8F0125244C244F20E0244B1B788F
:10368000002BF0D00422204B0646C3F80823F2E7B3
:103690004DB3304605F0E1FED4F8403413F0FF039B
:1036A0000DD1D4F8082152B1C4F80831D4F808314A
:1036B00020220123C4F84034C7F8A0212361D4F8A4
:1036C0004C24D4F84C34D203E2D503F00303012B8D
:1036D00002D0B8F1010FDBD155B186F31188BFF3E9
:1036E0006F8FBDE8F0810021202006F093FCD3E726
:1036F0000422054BC3F80423F3E700BFAC0B002002
:103700009C0B0020CC0B002000E0105000E100E0FA
:103710003E90002008B5074806F0AAFB38B10648DD
:10372000FFF7DCFD0448FEF733F8002008BD6FF01A
:103730001200FBE72CAB00003D3700000A2838B52B
:103740000446074D04D1AB680D2128465B689847B5
:10375000AB6803485B68E1B29847204638BD00BFBC
:103760002CAB00002DE9F04340F206354768D00647
:1037700048BF4FF0030C3B7C02EA050558BFC2F37B
:10378000401C87B001F01F06B5F5837F144646EA5A
:1037900043168DF803C045D00DD8062D44D005D86A
:1037A000A5B1022D12D06FF0150038E0B5F5807F7D
:1037B000F9D101250AE040F20222954236D0B5F552
:1037C000407F35D0B5F5007FEDD10425220331D5FA
:1037D00001237A688B405360B86890BB5F2E06F077
:1037E0001F034FEA561175D83C4A52F82120C4F302
:1037F000004102EB8302D2F8803081F00101C4F372
:10380000404423F4706344EA410423F00F031C4353
:1038100044EA8C0444EA0524C2F88040002007B042
:10382000BDE8F0830925D1E70825CFE70625CDE7D8
:103830000525CBE7630341BF01237A688B40936082
:10384000CAE731460DF1020206F086FA14F4403F51
:1038500080460CD13146B86806F097FAB8F1000FEF
:10386000DCD19DF80210B86800F0AAFED6E74FF050
:10387000000901ABCDE90199CDE90439CDF80C90EF
:103880003146B86803AA06F0B0F94845C6DB14F41F
:10389000003314D09DF80330C4F3004484F00104D5
:1038A0008DF80E308DF80C508DF80D404B4631469A
:1038B000B86803AA00F0D6FD0028CFDAAEE7CDE95C
:1038C00004330DF1030303933146B86803AA06F0ED
:1038D0008CF9F1E7203350F82330FFDE28BA0000DE
:1038E0004209022A034670B503D0012A18D0CAB192
:1038F00070BD0E4E326951680029F9D0012503F0E0
:103900001F030C689D400029F2D08A682A4002D02B
:1039100030464B6898473CB1236821461C46F2E785
:10392000034EE7E7034EE5E72346F6E710AB00005A
:10393000F4AA0000D8AA000038B54568A868C0B14C
:1039400006F01DFA0146A0B9A86800F001FE044681
:1039500088B902460949A86806F0FBF92246012108
:10396000DB20FFF70DF92246012140F20D10FFF791
:1039700007F9002038BD6FF00400FBE7E1380000D4
:10398000F0B544681646A068227C01F01F0587B098
:1039900045EA421500286CD0B6F5001F04D129462F
:1039A00006F045FA002055E06268607CB6F5800FAD
:1039B00050624FF0000001AA0190506039D1B3F17C
:1039C000007F14BF052304238DF804300023CDE9C4
:1039D00004230393E3680DF1030723FA01F111F0C7
:1039E000010139D1B6F1A07F36D105F01F035F2D5B
:1039F0004FEA551003F120033ED8214A52F8202007
:103A000052F82330DB0727D43A462946A06806F04F
:103A1000A3F9163018D002972946A06803AA06F029
:103A2000E4F8002816DB01222946A06806F0AFF969
:103A3000B8E7B3F1C06F05D0B3F1007F14BF012325
:103A40000223C1E70323BFE73946A06800F0C2FDA7
:103A50000028E0DA07B0F0BD3A462946A06806F033
:103A60007BF90028D8D19DF80310A06800F0A8FDCC
:103A7000D2E76FF08500EDE751F82330FFDE00BF9D
:103A800028BA000030B5162904692AD84568AB6801
:103A9000CB40DB0725D5A36B23FA01F000F0010032
:103AA000C2B108BB012202FA01F1194394F83C307B
:103AB000A1631BB1B5F90430002B01DA002030BD41
:103AC000590903F01F039A4001F14003084941F8E6
:103AD0002320F3E740B101228A4023EA0203A363D3
:103AE000ECE76FF01500EAE76FF07700E7E700BF5B
:103AF00000E100E0036803F01F025F2B02604FEA61
:103B000053129ABF024B53F822000020704700BFA7
:103B100090BA00002DE9F04F9246054640F2FF189A
:103B2000514E85B000EB8101A94203D1002005B0C0
:103B3000BDE8F08F2A68C2F3C323082BC2F3080440
:103B400000F28F804948444508BF4FF0FF34B2F17E
:103B5000D05FC75C4FEA126314D2152B04D8032B35
:103B600009D96FF08500E2E7173B022B39D8DFE86F
:103B700003F041444700013B022B19D8DFE803F072
:103B8000262B2E00382BECD103A80394FFF7B2FFAD
:103B90004FF00109039B00EB8300D0F8803023F045
:103BA000E04343F08043C0F88030601C38D11FE010
:103BB000CAF80446631C1BD003A80394FFF79AFFBE
:103BC0000122039B02FA03F3436027E0CAF80C4684
:103BD0004FF00009E9E7CAF81046EBE7CAF80846D3
:103BE000F6E7CAF860456B88621C03F001030AD14E
:103BF000043599E7CAF86445F5E7CAF86845F2E77D
:103C0000CAF86C45EFE7002BD6D103A80394FFF761
:103C100071FF0122039B02FA03F383604FF0010955
:103C20002B6803A81A0452BFCB464FF0010B4FF08C
:103C3000000901930394FFF75DFF039C019B00EBD8
:103C40008400D0F88040C3F3412C3B0243EA8C034C
:103C500043EA09033440234343EA4B03C0F880306E
:103C6000C6E76FF0150062E7F0F0FCFF53CB0000F1
:103C70002DE9F04104460D46476806F02BF988B15E
:103C80002021EFF311831A4681F31288BFF36F8F5F
:103C900060680068D0F83001D0B983F31188BFF3B1
:103CA0006F8FEEE71E4B1B78002BE9D04FF02008FA
:103CB000642663681B68D3F83031FBB9012005F036
:103CC00039FE013EF5D10021202006F0A3F9EFE7EF
:103CD0007B6A00201D706368796A1B68C3F83C1713
:103CE0000121C3F84017C3F83001D3F8300119653A
:103CF00082F31188BFF36F8FBDE8F081EFF311837A
:103D00001A4688F31288BFF36F8F61680968D1F88B
:103D100030110029DCD183F31188BFF36F8FD2E714
:103D20003E90002070B40F4CD4E90015501A63EB9C
:103D30000506400940EAC6602026E0FB0615C4E9F6
:103D40000015002400250849C1E90023074BC3E9F9
:103D50000045EFF3118186F31288BFF36F8F70BCBB
:103D600001F08ABE70080020580800206808002072
:103D700008B500220121E420FEF702FF164A0020C8
:103D8000D2F8183723F44033C2F8183700F06AFD30
:103D9000002820DB0120114900F0F0FD00281ADB8B
:103DA00000F03AFD0E4B20F01F00C3E900010D4B5F
:103DB0000022C3E900014FF0FF304FF0FF310A4B02
:103DC000C3E90001094B0A49187A00F035FD672262
:103DD0000020084B1A6008BD00200E500802002089
:103DE0007008002050080020580800200002002021
:103DF000253D0000700C002008B500F00DFD064ABE
:103E0000D2E90032C01A054B61EB0201C3E900019F
:103E1000400940EAC16008BD700800206808002021
:103E2000F7B5224B0146224F187A224BD7E90056AC
:103E3000D3E900239E4208BF954211D1B1F1806FB2
:103E40000ED24901012938BF012101224D1946F145
:103E50000006C7E9005603B0BDE8F04000F014BE0C
:103E6000154BDFF858C0D3E90043DCE9002CA41857
:103E700043EB0C0C4FF0200E22466346C1FB0E2391
:103E8000954276EB0301C7E900230DD2291B66EBAF
:103E90000C04C82974F10004B4BF01210021009171
:103EA00000F0BCFD03B0F0BD0021F8E700020020E7
:103EB00060080020580800207008002068080020D2
:103EC000064BD3F840231C2A05D1D3F84403431EE4
:103ED0005842584170470020704700BF00C0FF00A3
:103EE00003689A070CD50368DB070DD50922074B39
:103EF000C3F80C250F22C3F8042501221A60FEE73F
:103F0000034B0360EF3B0360704700BF008010501D
:103F1000F000FA5008B50123454A4648C2F8003877
:103F2000454AD2F840231C2A04BF444AC2F80C3444
:103F3000FFF7D6FF0830FFF7D3FF0830FFF7D0FFB9
:103F40000830FFF7CDFF00F5F470FFF7C9FF3C4ADA
:103F5000D2F88C3043F44063C2F88C300022D30096
:103F600003F57F0303F54043D3F8001401310AD071
:103F7000D3F8001439B1D3F800140132D3F8043463
:103F8000402A0B60EBD12A4BD3F84024002A4BD0B7
:103F9000FFF796FF48B1284BD3F83423294B9A42B8
:103FA0009EBF234B284AC3F84026FFF789FF18B16C
:103FB000264B274AC3F8AC27FFF782FF48B13422CB
:103FC0001B4BC3F82426D3F83C2622F40022C3F866
:103FD0003C26204BD3F80026D20744BF6FF00102E5
:103FE000C3F800261C4BD3F8182522F00302C3F8AF
:103FF0001825D3F8182542F00302C3F81825104AF3
:10400000D2F88C1041F44061C2F88C10D2F88810BC
:1040100041F47001C2F88810BFF34F8FBFF36F8F68
:104020000022C3F8A02508BDC822C3F84024AFE78A
:104030000000125000C50D5000C0FF0000300550B8
:1040400000ED00E0001D0A1840E0A91E00A0085085
:1040500078000A0400E0105000B00450014B1B68C7
:10406000184700BF740C002010B50C4C237993B98D
:10407000012323710A4B0028206018BF184600F066
:10408000F3F850B923680748002B08BF1846BDE86D
:10409000104000F035B86FF0770010BD740C0020B0
:1040A0005D4000009F99000008B5074B1B6853B1A5
:1040B00040F20510FEF756FD28B9BDE8084040F271
:1040C0000510FEF72DBD08BD740C002038B5042383
:1040D0000A4C42F21075C4F80833012363610023CF
:1040E000C4F80831D4F80831D4F84C34DB0304D5D3
:1040F000012005F01FFC013DF6D138BD00E0105055
:10410000064A13793BB9012110601171044A18461F
:10411000C2F8403470476FF0770070477C0C002085
:1041200000E0105010B51D4B1D4CD3F84C14D3F8C3
:104130004C2411F4803F19D002F00302012A01D06F
:104140008AB90022154BC3F840240022C3F8082185
:10415000D3F8082101221A6122688AB9D3F808210C
:10416000002AFBD014E0FFF7B1FFEAE7D3F84824B8
:10417000D107E6D5D3F850249207F4D422681AB1B7
:104180000422C3F8042310BDD3F80821002AFBD071
:104190000022C3F80821D3F80831F4E700E01050FA
:1041A0007C0C0020F8B50125184C194ED4F80C33BE
:1041B00003F00C0303B9F8BDB3FA83F30027C3F18E
:1041C0001F039A0002F5807292B202F1A04202F53A
:1041D0008712176005FA03F1022B1268D8B2C4F8EF
:1041E000081310D1D4F84C34D4F84C349B070AD1BE
:1041F0000423C4F84054C4F804332561D4F80C33C4
:1042000003F00C03D6E733689847F7E700E0105057
:104210007C0C0020712238B5104B0021C3F8082314
:10422000012242F210745A60C3F80011D3F8001151
:104230000B490A4DD1F840131C2908BFDA60D5F8A4
:104240000C3413F4803305D0012005F073FB013CDE
:10425000F5D138BD034A5371FBE700BF00E01050B1
:1042600000C0FF00840C0020054B0246187918B9E5
:104270001A6001221A7170476FF07700704700BF13
:10428000840C00200022164BC3F81021D3F8101123
:10429000C3F81821D3F81811C3F81421D3F8141156
:1042A0001049D1F840131C2904BF01219960C3F8BB
:1042B0000021D3F8002101221A600B4A126852B97A
:1042C000074BD3F80021002AFBD00022C3F80021BD
:1042D000D3F8003170477122C3F80423704700BF40
:1042E00000E0105000C0FF00840C0020F8B501264B
:1042F000194C1A4DD4F80C3303F0710303B9F8BD0F
:10430000B3FA83F30021C3F11F039A0002F5807210
:1043100092B202F1A04202F58712116006FA03F789
:10432000042B1268D8B2C4F8087308D0062B10D03A
:104330002B689847D4F80C3303F07103DEE70223AF
:104340006B71C4F81411D4F814312023C4F8043369
:10435000EEE76971ECE700BF00E01050840C00202C
:10436000036803F01F025F2B02604FEA53129ABFEB
:10437000024B53F822000020704700BFECBA000047
:10438000034A4309D35C00F01F001844C0B27047D1
:104390005CCB0000F0B50646002487B0114F0191B8
:1043A00017F8012B06AB03EBD20313F8143C02F011
:1043B0000702D34013F0010306D10134032CEFD1DF
:1043C0000023184607B0F0BD074A03AD07CA85E8C9
:1043D000070055F824100A6A46F824200A62002AC9
:1043E000EBD0EEE76CCB000000B50000F7B504465B
:1043F0000846FFF7C5FF04EB4006B38A0D46DB070E
:104400002AD5204605F0CFFB2946204605F03CFB87
:1044100050B1204605F04EFB0023276807EB8000D3
:10442000C0F81035C0F810352946204605F06BFB62
:10443000002101A8B1820195FFF792FF019B00EBDB
:104440008300D0F88020064B134043F00203C0F8ED
:104450008030084603B0F0BD6FF01500FAE700BFEA
:10446000F0F0FCFF2DE9F043044685B00846154600
:104470001F46FFF785FF0E46804625B3204605F010
:104480000EFB18B9204605F0FFFA18BB04EB4809EB
:10449000B9F8143003F01C0313B16B78012B19D059
:1044A00001238DF80F3000233046CDE900536A1CFC
:1044B000AB1C0DF10F0105F08FFAB9F8143043F081
:1044C0000303A9F81430002F3ED03146204605F0F2
:1044D000E6FA20B96FF0150005B0BDE8F0830022C0
:1044E000397823684FEA810C03EB8103C3F8102568
:1044F000C3F8102504EB4802938A23F4604323F0A9
:10450000200393827D78FDB12468B8786444D4F8A0
:1045100010750E4B2D043B40C4F8103541F6F07376
:1045200005F4403503EA06130005D4F810752B4353
:1045300000F4801003433B43C4F81035938A43EAE8
:10454000413343F0200393820020C5E70FE0ECFFE6
:1045500070B590F87440054690F8756044BB4622EB
:104560002146143006F097F82146134A2B6852F87A
:1045700036608E4212D1002440F20D10C3F844413F
:10458000D3F844210D4A934208BFDB20FEF7C8FA56
:104590000123204685F874302B6670BDCAB29200A4
:1045A00002F58070442A04BF1C501A580131E0E71C
:1045B0006FF07700F1E700BFF8BA000000A00D50DF
:1045C00090F87500024B03EB800005F0CFB900BFF7
:1045D0001002002010B5064B90F875000C4603EB56
:1045E000800005F0A9F90028A4BF2070002010BDAC
:1045F000100200202DE9F04F804658F804BB90F8D7
:104600007540DBF814136A4BC9B253F834200746DF
:104610008BB0584641F4003105F09EFA82030546FE
:1046200039D50023CDE907330993614BE60003EB4D
:10463000C404636807A819460093FFF7ABFE331D57
:1046400003934FF0000A5B4B0DF11C090293029A91
:10465000574912F8013B0292039A02EBD3028A5C9B
:1046600003F0070322FA03F3DB071AD40AF1010A65
:10467000BAF1030F09F10409E9D14FF40031002226
:10468000584605F069FA009907A8FFF783FE00284D
:10469000D7D125F400350124002D73D10BB0BDE82E
:1046A000F08F454B53440493D9F80060002EDDD0C1
:1046B00096FAA6F6B6FA86F6049B1C7846EA4414E7
:1046C0002046FFF75DFE07EB4000818AF208C1F348
:1046D000820305930193012319F8020006F00706EF
:1046E00003FA06F620EA060009F8020006A8069476
:1046F000FFF736FE069A11F0100F02F1200250F873
:104700002260059BC6F3014623D04046019A21460C
:1047100005F0DAF906A80694FFF722FE069BF6B22A
:10472000203350F82330C3F301439E4207D10021C8
:10473000204605F09AF93146204605F096F906A87C
:104740000694FFF70DFE0122069B02FA03F30362B3
:10475000AAE7022E14BF022103212046059305F08B
:1047600084F9059B032B03D0022E07D1012BE6D140
:1047700021464046019A05F0A7F9E0E7032EDED175
:10478000022BF4E795FAA5F3B3FA83F304FA03F2E4
:1047900025EA020503F5A2725BF8222007EB43032A
:1047A0004046B3F86410C2F3014205F08DF973E797
:1047B000F8BA00006CCB00006CCB00000123034A68
:1047C00003FA00F093680343936070476000002091
:1047D00073B504460191EFF31186202383F3128809
:1047E000BFF36F8F0B4D019B6A6801A813400193C3
:1047F00005F0A2F8002807DB01226B68824023EA5B
:1048000002036B602070002086F31188BFF36F8F66
:1048100002B070BD600000204FF0FF326FF04043E7
:1048200030B5044CD4E90001824273EB0105F9D3A1
:1048300030BD00BF40270E5030B50C25074B1C186B
:1048400094F8544005FB0433C3E90312187501239F
:10485000034A8340C2F8243330BD00BF600000200B
:1048600000200E50F8B53E4C2278002A72D13D4B04
:10487000D3F8101521F00201C3F81015D3F8101564
:1048800041F00101C3F810150521C3F8A416042155
:10489000C3F8AC160723672101F001000244013B75
:1048A000D2B24FEA5101F7D1052A56D119464FF03D
:1048B000010C2B4E00256720CFB204E00CFA02F267
:1048C00020EA0200013590FAA0F25FFA85FEBE45AB
:1048D000B2FA82F2F2D3013132750529224482F80C
:1048E000547006F10C06E5D1012100251E489A08F6
:1048F00001FA02F212F0670F18BF1D500433302B7B
:10490000F5D1E420FEF70CF9164B1849D3F8102521
:1049100003F5C07322F00202C3F8902340F6FF7241
:10492000C3F8A82100221A60A3F5807004338B42DB
:104930000260F8D101250B4B0D4A1D660D4B5D2021
:104940001B68B3FBF2F358430B4B2B4398470020F3
:104950002570F8BD6FF07700FBE76FF08B00F8E78C
:104960006000002000200E5000210E50B0210E509B
:1049700040420F000C02002020B5000038B5244B47
:104980000D46D3F8102594073CD4D3F8102542F0F7
:104990000202C3F81025C0B1D3F8482712F0010273
:1049A00002BFD3F8481741F00101C3F84817184B6C
:1049B000D3F84017D3F844174800F9D42AB9D3F8EC
:1049C000482722F00102C3F84827124B124A1B68FD
:1049D000B3FBF2F30E4A03EB4313B3B1D2F8401723
:1049E000D2F8441749000BD44FF0FF312846FFF7A7
:1049F000EFFE044610B92878FFF7E0FE204638BDE8
:104A0000013BEAE76FF07704F8E76FF07304F5E72E
:104A100000200E500C02002040420F0070B51E46D0
:104A20001546174A9DF81010131893F854300C339C
:104A300002EBC30442F833506660C6F3130204016C
:104A4000A1B104F1A04404F56224C4F82055C4F8CF
:104A500024250C4C80000444236833B1FFF7DCFEAE
:104A6000A842B14101D20023236070BD04F1A043EC
:104A700003F56223C3F82055C3F82425F5E700BFEA
:104A80006000002000210E50F0B50E4D2B1893F859
:104A9000543000010C3355F8334005EBC3077E68F2
:104AA000641800F1A04021F0004146F1000641EAFF
:104AB000C27100F5622045F833407E60C0F82815C9
:104AC000F0BD00BF60000020F7B5284B284CD3F89C
:104AD0002C6304F188070EB903B0F0BD96FAA6F076
:104AE0000123B0FA80F08340DA43224926EA030624
:104AF000231893F85450830019440C2303FB0543F7
:104B0000DB6873B3D7E8EF3F03EA020CC7E8EECFE8
:104B1000BEF1000FF6D1C340DB0719D5020102F147
:104B2000A04202F56222D2F82435D2F82025D1F82D
:104B300000C0BCF1000FCED04FF0000CC1F800C097
:104B40000C2101FB054529690091E9688847C2E706
:104B500005F10C0304EBC30C54F83320DCF80430EB
:104B6000E5E70A68002AB6D00B60B4E700200E50D3
:104B70006000002000210E50044B40EA0120C3F8E1
:104B80000005D3F80024D207FBD5704700B00450CD
:104B900010B50446FDF7D8F803480121034A04F094
:104BA00069FB204605F06FF9BCB4000041CA000063
:104BB0002DE9F84304460D4600AFEFF3118820239A
:104BC00083F31288BFF36F8F04282A4A98BF2A4BB9
:104BD000E9468AB09668117C98BF53F820306A463F
:104BE00088BF264BCDE9073140F201332448ADF8A8
:104BF0002430244BCDE9050442F8103F00234FF444
:104C000031512148FDF76EF9CD4645B1EB69C3F34B
:104C1000080323B101211D4A1B4804F02BFB2EB1D0
:104C2000304605F060F908B1037803B91848E94641
:104C30008AB06A46174B0790CDE9053640F201333A
:104C4000ADF82030144B42F8103F00234FF41151BF
:104C50000D48FDF747F92946CD462046FFF798FF56
:104C600088F31188BFF36F8F3046FEF759F8BD46C1
:104C7000BDE8F8838C0C002008BB000050CA00007F
:104C800066CA000005000001BCB400008ECA000026
:104C90005ECA0000AFCA00000400000138B50A4B2C
:104CA00053F82040013053F82050A54200D838BDB9
:104CB000606830B1037EDB0701D405F0C1F8083429
:104CC000F3E723689847FAE71CBB0000012270B5A0
:104CD000294B86B003201A70FFF7E0FF05F075FA44
:104CE0000420FFF7DBFF254C254D2646AE4204F19C
:104CF00030040FD300F01AFC204CAC4226D300F055
:104D000029FCFBF78DFE1F4A938923F00103938151
:104D100006B070BD54F80C3C059354F8103C049355
:104D200054F8143C039354F8183C029354F81C3C78
:104D3000019354F8203C009354E90A2354E90C01F0
:104D400000F014FA54F8303C5E65CEE7D4E90A234B
:104D5000B3F1FF3F08BFB2F1FF3F05D052EA0301B4
:104D6000206803D105F07FF93034C6E706491830D2
:104D700000F0F2FDF8E700BF3E900020F8B300001D
:104D8000F8B3000040090020C39F0000C82370B59D
:104D9000134E012203FB0066002386B0CDE90423F5
:104DA0000F220193CDE9023218234FF4A0720D4D6A
:104DB0000D4903FB0055044602FB00110B4B304626
:104DC000009500F0D3F9337C2C7423F00403337482
:104DD000074B013403EBC423EE606B6006B070BD7B
:104DE000780800208C0C0020409B0020979E00003B
:104DF000409300207FB50020FFF750FF294B03F5BB
:104E0000006282F3088883F30A880024E023264D99
:104E100085F82230EC772C766C76AC7685F82040DD
:104E20006B6A43F4E0236B6285F82340FDF7E4FDF1
:104E3000FDF760FF4FF0FF33AB62EB62FEF778F9EE
:104E4000FDF7FAFFFCF7DCFE184800F0F9F9012045
:104E5000FFF724FF0220164DFFF720FF00F0A4FB10
:104E6000144B4FF480629D61134B14490593012349
:104E70002846CDE90343CDE90144114B009400F0ED
:104E800075F906462B7C284623F004032B7405F0A5
:104E900064F82046FFF77AFF31462846084AFDF7B6
:104EA000FDFE00BF4093002000ED00E0080A002056
:104EB000400900208C0C002011CB0000809C0020B9
:104EC000CD4C00002DE9F341044617461E46EFF392
:104ED0001188202383F31288BFF36F8F304BC26891
:104EE0009B6872B18068984217D057EA060216D1C3
:104EF00088F31188BFF36F8F6FF00F0002B0BDE829
:104F0000F08193F90E1001322161C4E9023288F375
:104F10001188BFF36F8F0020F0E72169F3E793F961
:104F20000E1090F90E30994230DA9942A8BF194616
:104F300004F0BCFF054622464146CDE900761948FB
:104F400000F066FA0028E6D0EFF31186202383F301
:104F50001288BFF36F8FA068D0B1236821699C428B
:104F60000AD04BB193F90E309942A8BF19466FF0A1
:104F70007F039942B8BF194604F098FF40B131460B
:104F8000084805F044F86FF00A00B7E70025D2E7BB
:104F9000002DF4D186F31188BFF36F8FF3E700BFC4
:104FA0008C0C00203F900020F8B583680546002B4C
:104FB00040D0234A926893423FD1C368012B03D962
:104FC000013BC3600020F8BDEFF31187202383F37A
:104FD0001288BFF36F8F0169806804F067FF2C6847
:104FE000A54207D10023C5E9023387F31188BFF337
:104FF0006F8FE7E7002CF5D0D4E90032002613606C
:105000005A60237CC4E9006623F002032374A6607F
:1050100004F1180005F092F8AC6094F90E302046C7
:105020002B61C4F8806004F098FF3946054804F00D
:10503000EEFFC7E76FF01500C5E74FF0FF30C2E79E
:105040008C0C00203F90002070B5EFF311862023D8
:1050500083F31288BFF36F8F0468A0421BD0D4B1D2
:10506000D4E90032002513605A60237CC4E900555E
:1050700023F002032374A56004F1180005F05EF824
:105080002046C4F8805004F068FF3146BDE8704007
:10509000064804F0BCBFD0E902329A4218BF01337F
:1050A000836086F31188BFF36F8F70BD3F9000203F
:1050B00013B5EFF31181202484F31288BFF36F8FAF
:1050C000846844B1013C846081F31188BFF36F8F21
:1050D000002002B010BD52EA030406D181F311880A
:1050E000BFF36F8F6FF00F00F3E7CDE900230246A7
:1050F000014800F08DF9ECE73F90002070B50546BF
:10510000EFF31186202383F31288BFF36F8F002300
:105110002C68A54219D0C4B1D4E9003213605A609A
:105120000023227CC4E9003322F002022274A3602F
:1051300004F1180005F002F86FF00A032046C4F8E5
:10514000803004F00AFF0123E2E70022AA6023B9BD
:1051500086F31188BFF36F8F70BD3146BDE8704094
:10516000014804F054BF00BF3F9000202DE9F043F8
:10517000984685B000F15803C0E91633109B00260D
:1051800083810423073222F0070503740F9B01EB90
:1051900005090F4683734946C0E906668660C673F3
:1051A0000446FDF7F5F90E9B073020F00700206755
:1051B000C4E91A7502930D9BA9EB000901930C9B9E
:1051C0004A460093394643462046FDF723FD054BEA
:1051D00066659B6803B15B6F4846636705B0BDE8D1
:1051E000F08300BF8C0C0020F0B5002587B005953A
:1051F000109DDDE9127604950F9D044603950E9DE2
:1052000002950D9D01950C9D0095FFF7AFFFB6F13E
:10521000FF3F08BFB7F1FF3F05D056EA070305D1AE
:10522000204604F020FF204607B0F0BD3A46334642
:1052300004F11800014900F08FFBF4E7C39F000060
:105240000123037483810023C0E91A334367014BB0
:10525000986070478C0C00206FF00A01094A93682F
:10526000C3F880100849D8674B6843F080534B60FF
:10527000002383F31188BFF36F8F9368D3F8800006
:10528000704700BF8C0C002000ED00E070B590F975
:105290001020037C002A2FDBD9062DD11A4C63F095
:1052A0007F032246037452F81C3F216A934207D1C0
:1052B000C0E90021086020620FE09942F8D01B6825
:1052C000002BF5D093F90E6090F90E50AE42F4DD4C
:1052D0005968C0E9003108605860E569954200D01E
:1052E00005B9E568A3681A7CD20606D1DA897F2A57
:1052F00003D9AA690AB9A36170BDAB4202D028469E
:1053000000F0ACFAA561F7E78C0C002038B590F9F5
:1053100010200146002A037C04DA03F07F030374A3
:1053200004F0E3FD0D4D2A4652F81C4FAB68944241
:1053300000D004B9EC688B4207D01A7CD20604D1A5
:10534000DA897F2A01D9A2692AB1A34202D0204674
:1053500000F084FA2346AB6138BD00BF8C0C0020FE
:10536000B3F1FF3F08BFB2F1FF3F03D0024918304D
:1053700000F0F2BA704700BFC39F0000034648B96F
:10538000EFF3058232B9064A91699268914201D0E1
:10539000FFF762BF83F31188BFF36F8F704700BFC1
:1053A0008C0C002038B5184CA168206A0B6881422B
:1053B00014BF1A46002249680B605960A368216A2D
:1053C0002AB9124AC3E900210B6023620AE092F96C
:1053D0000E5093F90E00854212DD5168C3E9002199
:1053E0000B605360E569094B9D4200D005B9E56843
:1053F000A3689D4202D0284600F030FAA56138BD6E
:105400008A42DED01268DBE78C0C0020A80C00205A
:10541000F8B5DDE906670D4B0C46986811460C4A55
:105420001060EFF31182202282F31288BFF36F8F96
:105430009D68284604F06BFD284632463B46FFF740
:105440008FFF2046BDE8F840FFF706BF8C0C002018
:10545000B00C0020F8B50446EFF31187202383F346
:105460001288BFF36F8F037C49B203F01F02002A3A
:105470000CBF0126002635D103F07F032A4D0374AB
:1054800004F033FD2A46037C817363F07F030374C9
:1054900052F81C3F286A934207D1C4E900200460F7
:1054A0002C620DE09842F8D01B68002BF5D093F9E0
:1054B0000EC08C45F6DD5968C4E900310C605C60B3
:1054C000EC69944200D004B9EC68AB689C4202D00D
:1054D000204600F0C3F9AC6187F31188BFF36F8FEA
:1054E0003046F8BD9B071CD5856804F0FEFC81732F
:1054F0002B689D4209D16B68C4E900531C606C6045
:10550000EAE76A689A42F6D01B68002BF3D093F959
:105510000E208A42F5DD5A68C4E9003214605C60EE
:10552000DAE78173D8E700BF8C0C0020EFF311811C
:10553000202383F31288BFF36F8F054B9A68D37BC8
:10554000013BD37381F31188BFF36F8F704700BFA6
:105550008C0C002070B5EFF31186202383F31288A2
:10556000BFF36F8F0F4DAB68DA7B0132DA732A46D7
:1055700052F81C4F944200D004B9EC681A7CD20651
:1055800004D1DA897F2A01D9A2692AB19C4202D0CA
:10559000204600F063F92346AB613046BDE8704019
:1055A000FFF7ECBE8C0C0020024B03F11C02C3E998
:1055B000072270478C0C002070B5EFF31186202372
:1055C00083F31288BFF36F8F1A4CA168206A0B68AF
:1055D000814214BF1A46002249680B605960A368D3
:1055E000216A2AB9144AC3E900210B6023620AE048
:1055F00092F90E5093F90E00854216DD5168C3E909
:1056000000210B605360E5690B4B9D4200D005B94A
:10561000E568A3689D4202D0284600F01FF9A56105
:105620003046BDE87040FFF717BE8A42DAD01268F4
:10563000D7E700BF8C0C0020A80C0020F8B550EA7A
:10564000010306460C4603D1FFF7B6FF0020F8BD64
:10565000EFF31187202383F31288BFF36F8F124D6E
:10566000124BA8681860FFF751FEA868234632461F
:105670000F49183000F070F9AA680446137C3846C8
:1056800043F004031374FFF7E7FDAB68D3E90A2383
:10569000B3F1004F08BF002AD8D104F084FD201ACE
:1056A00020EAE070D3E700BF8C0C0020B00C002093
:1056B000C39F0000014B9868704700BF8C0C00200E
:1056C0002DE9F84304468789EFF31186202383F3FD
:1056D0001288BFF36F8F037C190705D586F31188F5
:1056E000BFF36F8FBDE8F883D90943F008026FD18B
:1056F0000274A36813B1204604F0FFFB04F1180004
:1057000004F01CFDA56D04F15808A84511D04FF018
:10571000000975B1284604F0F0FB05F1180004F00B
:105720000DFD2846C5F88090FFF7B0FDA56DA84592
:10573000EFD1DFF8C480D8F808309C4250D1EFF3A5
:105740000589B9F1000918BF4FF00109D8F81C50BC
:10575000274A954200D00DB9D8F80C50AB4202D080
:10576000284600F07BF82046C8F8185003F05FFE8A
:10577000B9F1000F02D01F48FFF762FDD8F80830DA
:105780009C4230D1EFF305836BBBA289D20711D5C0
:1057900086F31188BFF36F8F83F31188BFF36F8F88
:1057A0000423184602DFEFF31186202383F31288C7
:1057B000BFF36F8F3046FFF74FFDFB0792D50023F5
:1057C00083F31188BFF36F8F0423184602DF89E744
:1057D00003F07F0343F00803037404F086FB88E7BB
:1057E0004FF00009B2E786F31188BFF36F8FE4E74B
:1057F000A80C0020080A00208C0C0020027C034624
:1058000012F01F0210D10A4988420DD009490868D8
:1058100068B1D9897F2909D893F90E20064B1B68F6
:105820009A42B8BF0020704700207047104670476A
:105830007808002018020020B40C00200122044B3C
:10584000C01A044BC0105843034B1A54704700BF92
:10585000D00A0020ABAAAAAA3F90002070B50C4B3A
:105860000C4D1E7CFFF7CAFF182303FB06550446A8
:10587000284604F063FC0022074B9A553CB1621E97
:105880002846BDE870400549D31700F065B870BDE3
:105890008C0C0020D00A00203F9000203D580000D2
:1058A00038B5EFF31185202383F31288BFF36F8F90
:1058B0000F4B104A9C681068A04206D1FFF7CEFF3C
:1058C00085F31188BFF36F8F38BD00211B7C1160F9
:1058D000094AD35C002BF3D02046FFF78FFF002846
:1058E000EED0237CDB0601D1FFF75CFD2046E5E727
:1058F0008C0C0020B00C00203F900020024B186858
:10590000984208BF002070471C020020034B1B6810
:105910000BB9FEF771BA0020704700BFB80C002029
:1059200030B570B10B4B5B6898420AD0036843B145
:10593000D3E90421D0E90445121941EB0501C3E97B
:105940000421D0E9003213605A600023C0E900331B
:1059500030BD00BF1C020020B3F1FF3F08BFB2F111
:10596000FF3F2DE9F84F0446994615461F467AD069
:105970008160EFF31188202383F31288BFF36F8FC8
:10598000B9F1000FDFF8E8A020DBFFF7BFFFDAE98D
:105990000027013549F100092D1849EBE07306464F
:1059A0004FF00109C4E90453AD1843EB0707FFF7B3
:1059B000A5FF0346DFF8BCE0DEF804A0EBB9C4E9BC
:1059C00000EACAF80040CEF8044028E06FF0010376
:1059D000DAE900125B1A4FF0FF3161EB02025B1B48
:1059E00062EB0902012B72F10001BCBF012300220E
:1059F0004FF00009C0E90432D9E7D3E9041CD4E927
:105A000004208A4270EB0C0B24DA891A5A686CEB7A
:105A10000000C3E90410C4E9003214605C60FFF7C1
:105A20006DFF84420ED1114B1B685BB9B9F1000FB9
:105A300002D1FFF76BFF0646304604F068FB0021F9
:105A4000FEF7EEF988F31188BFF36F8F28463946C9
:105A5000BDE8F88F521A60EB0C005345C4E90420EE
:105A6000ADD01B68AAE700252F46EFE7B80C002051
:105A7000E80A00201C0200202DE9F047284F0246CA
:105A800038600D46FFF73AFF4FF000084FF000096D
:105A9000244E4FEAE27ED6E9001350B1D0E9044C1F
:105AA000A2427EEB0C0A19DAA41A6CEB0E0CC0E9C8
:105AB000044C0024521843EB0E032046C6E9002391
:105AC0003C6004F024FB2146FEF7AAF985F3118817
:105AD000BFF36F8FBDE8F047FFF7E2BE611843EBFD
:105AE000E473C0E90489C6E90013FFF719FF012236
:105AF0004FF00043C0E9042385F31188BFF36F8F93
:105B000083689847EFF31185202383F31288BFF34E
:105B10006F8F3A68121B3A60FFF7F0FEB9E700BFDB
:105B2000B80C0020E80A002010B5EFF31184202300
:105B300083F31288BFF36F8FFFF7E8FE0346054A31
:105B4000D2E90001181841EBE37184F31188BFF327
:105B50006F8F10BDE80A0020F8B50446EFF31187F7
:105B6000202383F31288BFF36F8FD0E90423B3F1AE
:105B7000004F08BF012A04D087F31188BFF36F8F4D
:105B8000F8BDD0E90A566A1C46F10003022A73F1F7
:105B9000000334D3013D46F1FF36002EBCBF002583
:105BA0002E4604F004FB013041F10001401946EBA0
:105BB0000101012871F1000148DB04F0F8FA6FF0EF
:105BC0000203013041F10001401946EB010183421B
:105BD0006FF000438B413EDB04F0E9FA013041F104
:105BE00000016FF00102401946EB01034FF0FF3155
:105BF000121A61EB030320461949FFF7ADFE236B30
:105C000001332363236A63B187F31188BFF36F8F76
:105C100020469847EFF31187202383F31288BFF3C0
:105C20006F8F54F8185FA542A6D0002DA4D0284647
:105C300004F0A2F90023C5F8803087F31188BFF380
:105C40006F8F2846BDE8F84004F087B96FF0010275
:105C50004FF0FF33CFE700224FF00043CBE700BF08
:105C6000595B00002DE9F04105461C4690461F4651
:105C7000EFF31186202383F31288BFF36F8FB4F103
:105C8000FF3F08BFB2F1FF3F05D186F31188BFF394
:105C90006F8FBDE8F081002C09DB012A74F100034D
:105CA000BCBF0122002412F1FF3844F1FF3728461F
:105CB00004F044FADDE90623C5E90A23002342463D
:105CC0002B6328463B460249FFF746FEDDE700BF4F
:105CD000595B000070B50546EFF31184202686F36A
:105CE0001288BFF36F8F04F029FA20B184F3118872
:105CF000BFF36F8F70BD6B6A63B184F31188BFF31C
:105D00006F8F28466B6A9847EFF3118486F31288E9
:105D1000BFF36F8F05F1180004F063F90028E5D098
:105D200004F01BF92146BDE87040014804F06FB94A
:105D30004090002038B50C4C0C4804F076FA657899
:105D40000A4804F078FA0A4804F06FFA022D08D1E4
:105D50002478E31F5C425C41054804F06CFA20465D
:105D600038BD0024F8E700BFBC0C0020240200204E
:105D70003C02002010B51B4C1B4804F056FA237857
:105D8000590744BF03F0FB0323709A0705D500F0C1
:105D9000B1F8237823F002032370134804F04BFA80
:105DA000124804F042FA637813B1114804F03BFA48
:105DB000002304210E48637000F0B6F80B4804F08D
:105DC0003AFA094804F031FA2378DB0705D504F0E4
:105DD00027FA237823F0010323700348BDE810401D
:105DE00004F029BABC0C00203C0200202402002050
:105DF000C00C002070B5FFF79DFF10B100242046B5
:105E000070BD344804F011FA044620B16FF08F04DD
:105E1000FFF7B0FFF3E7304D2B789E0706D400F074
:105E200061F804462B7843F002032B70294804F0F4
:105E300002FA10B1002CE9D0EAE7002CE8D125489D
:105E400004F0F3F904460028E0D12B78D80706D4F3
:105E500004F0E4F904462B7843F001032B701D484D
:105E600004F0E9F90028E5D1002CD1D1194804F05B
:105E7000DCF90028CAD117482E7804F0DCF9002894
:105E8000C4D1164804F0D1F904460028BED16B787D
:105E90003BB9F10705D5124804F0C3F902230446C3
:105EA0006B700E4804F0C7F90028C3D1002CAFD1A5
:105EB000084804F0BAF90028A8D12B7805485A07F9
:105EC0005CBF43F004032B7004F0B5F9002895D0B3
:105ED0009CE700BF3C020020BC0C002024020020F4
:105EE000C00C00200122024B002083F8C022704722
:105EF000C40C00202DE9F0410A4C002526464FF045
:105F0000010803272046C4F820802777013504F0D4
:105F100068F9102D04F12C04F4D1002386F8C03266
:105F2000BDE8F081C40C002010B50A46044619B142
:105F3000024B00211B68984710BD00BF34BB000016
:105F400010B50C4C206804F0F2FA0B4A1368591C87
:105F500011604BB9094A4820D2F8003443F00703D6
:105F6000C2F80034FCF7DCFD2068BDE8104004F006
:105F7000E4BA00BF58020020880F002000800450BF
:105F800038B5164D286804F0D2FA154B1C68013C50
:105F90001C60ECB94820FCF7D1FD0722114BC3F877
:105FA0000823D3F8002422F00702C3F80024C3F822
:105FB0000041D3F80021C3F80441D3F804214FF481
:105FC0008072C3F80841D3F80831074BC3F8882121
:105FD0002868BDE8384004F0B0BA00BF580200207D
:105FE000880F00200080045000E100E070B5104DE3
:105FF000104E2B68B34219D0FFF7A2FF00F08CFAC5
:1060000000F0C8FA38B104F018F90446FFF7B8FFF9
:106010003CB92E6005E000F0D1F9044618B1FFF755
:10602000AFFF204670BD04F0C3F9EEE70024F8E7A7
:1060300054020020117365000022074BC3F81021A1
:10604000C3F80C21C3F80021C3F80421C3F80821C8
:10605000C3F81421704700BF0050045008B5FFF783
:10606000EBFF01230360104B0A6832B9D3F80C210F
:106070001AB9D3F80821002AF6D00B687BB90B4B6C
:1060800099420ED0A3F58473D3F80831002B14BFC6
:106090006FF002004FF0FF30FFF7CEFF08BD002089
:1060A000FAE74FF0FF30F7E7005004500851045072
:1060B00038B505460C4691B10021012003F0B9FE28
:1060C00008480949C0F80055C0F80445FFF7C6FF65
:1060D00000210446084603F0ACFE204638BD6FF0B0
:1060E0000104FAE70050045000510450034B0449E6
:1060F000C3F800050348FFF7B1BF00BF00500450CC
:10610000045104500450045010B5044600210120ED
:1061100003F08FFE064B0749C3F800450648FFF71A
:106120009DFF00210446084603F083FE204610BD73
:1061300000500450085104500850045038B50C4623
:1061400059B1074D0749C5F800050748FFF786FF15
:1061500010B9D5F80835236038BD6FF00100FBE7B2
:1061600000500450105104500C5004502DE9F04FD1
:1061700089B01C4607460D46164604F0F6F803465D
:10618000002840F0F8807A690090C2F3013161F391
:1061900005138DF8003013F0300308D1B86880077C
:1061A00010D06FF08608404609B0BDE8F08F102B84
:1061B00008D1BDF8023023F4F87343F4A873ADF8A6
:1061C000023053E0D2B2F82A2ED100224FF0010B58
:1061D000904610469446D7F808E0DFF8DC9159F86D
:1061E00004AB1EEA0A0F08D00BFA0CF242EA0802CE
:1061F00002F07F08012240EA0A000CF1010CBCF118
:10620000070FECD12AB19DF8032068F347028DF8FF
:1062100003203EEA000007D17A88FF2A0FD006D873
:10622000802A35D0C02A35D06FF08508BBE7B2F59B
:10623000807F31D0B2F5C07FF6D1062200E0032284
:106240009DF8020062F306108DF8020013B91EF0EB
:10625000030FA6D13B79022B2BD01FD8012BA0D145
:10626000BDF8022063F3C812ADF80220012938D02E
:10627000032923D0002994D13B88B3F5105FD3D1F3
:10628000182C03D0202C01D0102C8AD1474F2CE0A1
:106290000122D5E70222D3E70422D1E7032B02D063
:1062A000FF2B7FF47EAF0222BDF8023062F3C813E9
:1062B00085E7BDF8023043F4C07380E7202C05D099
:1062C00006D8102C02D0182C7FF46BAF384F0CE09E
:1062D00024F02003412B01D0302CF5E70136013C9E
:1062E000F4E7302C7FF45DAF324F4FF000080F34ED
:1062F0004FEA141905EB080004F015F8002852D0F5
:1063000008F10108C145F5D11F2C2ED11C22002116
:1063100001A804F0C0F94FF0000B4FF0FF3A07EB73
:106320000B124FEA0B130692BBF1000F26D1009A15
:106330000792BDF802203344C2F3C11205920DF159
:10634000040C03F1100E624618685968083303C242
:1063500073459446F7D101A905EB0B00FFF7A8FEA2
:10636000804670B104F001F805E04946284603F084
:10637000E4FF0028CAD06FF0920814E7CDF81CA003
:10638000D7E71C2101A80BF1010B04F0F8F8D9455F
:10639000C5D11F2C3FF407AFBA20FFF7B5FE002888
:1063A0003FF401AFE7E76FF08A08FCE64000815157
:1063B000000000201084045038BB000010B590B0DD
:1063C0001C22002101A804F066F9F82003F0ABFFBD
:1063D00000B3202200200DEB020100F08DF90446ED
:1063E000F0B94FF48071104A104B01A8CDE9012398
:1063F0000F4BCDE903130F4BF821069320230DEB30
:106400000302FFF7B3FE202104460DEB010004F068
:10641000B6F805E0F92003F086FF0028D9D104463C
:10642000204610B010BD00BF00240001014B4E807B
:106430000010C004F800FF7F10B50446FFF780FD90
:10644000104B186804F073F80CB101232370BFF3EC
:106450005F8F4FF0A3430020D861BFF35F8FBFF37E
:106460005F8F4FF0FF321A63BFF35F8FBFF35F8F11
:106470003422DA61BFF35F8F0122034BC3F8042398
:1064800010BD00BF5C0200200080045010B504461F
:1064900008B1037843B1FFF773FD044B186804F0AB
:1064A0004CF80CB10023237010BD00BF5C0200202B
:1064B00038B5164CD4F80051C5B1BFF35F8F4FF01B
:1064C000A343996ABFF35F8FBFF35F8F4FF0FF3233
:1064D0001A63BFF35F8F0023C4F80031D4F8003192
:1064E0000B4B1868BDE8384004F03AB8D4F80831CE
:1064F00053B100F069F803F072FFC4F80851D4F802
:1065000008310121034BECE738BD00BF0080045087
:10651000640200206002002008B5074B186804F0F0
:106520000EF8064B186804F00AF8BDE8084000228F
:1065300048201146FCF724BB6402002060020020C2
:1065400038B5094B1C7864B1084B4FF0FF311D681A
:10655000284603F0F6FF4FF0FF310446284603F0CB
:10656000FDFF204638BD00BF3E90002064020020A1
:1065700010B5064CE36C3BB9214651F84C3B986989
:1065800003F031FF0123E364014810BD8C0F0020AC
:10659000D80F002010B50A4B0A4C236003F5C04306
:1065A00063602461FFF7E4FF236D0020B3F5007FF3
:1065B000CCBF4FF480634FF40073A36010BD00BFE5
:1065C000002080518C0F0020004870478C0F002065
:1065D00000212DE9F043064695B00846FFF72CFF51
:1065E0000DF12705044625F01F0520B115B0BDE8C3
:1065F000F04303F022BE4FF01009DFF8848001223F
:1066000010211E4803F085FE1C4A2B1900932021FF
:106610001023CDF80490A2F1200000F00DF90746F8
:1066200050B10020FFF732FF384603F006FE074660
:10663000384615B0BDE8F083D8E90C321034013388
:1066400042F10002302CC8E90C32D8D1FFF71EFF0E
:1066500026B122463146284603F04EFE2E46084C0F
:106660000FCE0FC496E80F00203584E80F0095E8A0
:106670000F00103484E80F00DAE700BF100B002091
:10668000F00A0020F0B5194D194FAB6B8DB0BB422D
:1066900029D0184E306803F04AFF402300221946E3
:1066A000284603F061FF3021684603F0C2FE04462D
:1066B00078B96846FFF78CFF044690B9302302464C
:1066C0001946684603F050FF01220023C5E90C2358
:1066D000AF63306803F031FF204603F0AEFD0DB02C
:1066E000F0BD0E24F5E70020F9E700BFF00A002016
:1066F000B4A5B4A5680200202DE9F04F99B00DF1C2
:10670000570902F10F0A04468846154629F01F0969
:106710004FEA1A1A32B1002900F08580B2F5803FA5
:1067200000F28180414F424E386803F000FFD6E905
:106730000C32134308D12046FFF7A4FF044618B1DA
:10674000386803F0FAFE5AE0D6E90C231AEB02028D
:1067500043F10003B3F5803F14D3302102A803F0C6
:1067600068FEF8B902A8FFF733FF04460028E7D116
:1067700030230246194602A803F0F6FE0022002349
:10678000C6E90C2300210846FFF756FE044660B90F
:1067900010249DB92846FFF779FE2846FFF718FF19
:1067A0000446CDE76FF09204CAE7386803F0C5FEEF
:1067B000204619B0BDE8F04F03F03FBD102D4FF05B
:1067C00001024FF010011B48AB4628BF4FF0100BE1
:1067D00003F09FFD174A10232021CDE90094A2F178
:1067E000200000F029F8824668B10020FFF74EFE35
:1067F000386803F0A2FE504603F01FFD0446204611
:1068000019B0BDE8F08F5A464046494603F036FFBE
:10681000D6E90C32013342F10002C6E90C32A5EB95
:106820000B05D844B5E76FF08604E8E7680200205E
:10683000F00A0020100B002037B54FF4807401944B
:10684000214C41F00051A16140F6110143F0005389
:10685000A3622123E16104F120016161012122622F
:10686000E362069A194B01AD1A60079A256042F05F
:1068700000521125C3E901122022DFF854C0206123
:10688000C4E902C504F1100565606162DA60BFF316
:106890005F8F4FF0A3421460BFF35F8FBFF35F8F32
:1068A0001361BFF35F8FBFF35F8F03235363BFF3A6
:1068B0005F8FBFF35F8F9363BFF35F8F03F006FEBD
:1068C000431CFBD003B030BD08100020F80F00209F
:1068D00004000020BFF35F8F094A1368BFF35F8F86
:1068E00043F48071BFF35F8F1160BFF35F8F23F4B8
:1068F0008073BFF35F8F1360BFF35F8F704700BF7C
:106900000010805108B5FFF7E5FFBFF35F8F064A1F
:106910001368BFF35F8F43F00103BFF35F8F136012
:10692000BFF35F8F08BD00BF0010805170B5002617
:10693000C0E9006605460C46FFF702FB01232B70F9
:10694000FFF7C8FFBFF35F8F204BDB68BFF35F8F9C
:106950009B08013BACB3226842B19A4205D9FFF7CC
:106960000FFB6FF03F002E7070BD1346D4E9011588
:10697000E068002908BF4FF40071002808BFF1202B
:106980002469BFF35F8F114A9360BFF35F8FBFF33A
:106990005F8F1564BFF35F8FBFF35F8F5064BFF3EA
:1069A0005F8FBFF35F8F5163BFF35F8F44F4802429
:1069B00044F00104BFF35F8F1460BFF35F8F0020CA
:1069C000D2E74FF40071F1202546DAE7001080513C
:1069D00070B503780D461446002B52D0BFF35F8F7D
:1069E0002C4A136BBFF35F8F03F00E010A294BD0C3
:1069F00013F00C0F02D14FF0FF3070BD4368D3B9D4
:106A0000BFF35F8F5368BFF35F8F032BF3D9224B24
:106A10002249BFF35F8FD2F88060BFF35F8FBFF36F
:106A20005F8F43F8046BBFF35F8F8B42F1D1FFF7A9
:106A300069FF01234360BFF35F8F164B9A68BFF372
:106A40005F8F0132B4EB021F21D8BFF35F8F5A680A
:106A5000BFF35F8FB4EB820FCDD884B1BFF35F8FEC
:106A6000D3F88020BFF35F8F291D05F8012BA942C1
:106A70004FEA122204F1FF34EFD0002CF5D10020B0
:106A8000BBE76FF02000B8E76FF05100B5E76FF09B
:106A90003F00B2E70010805110108051201080514B
:106AA00073B50446EFF31186202383F31288BFF3F6
:106AB0006F8F8368594003EA02050A405340002261
:106AC000009309496B46019203F0EDFADDE90032CB
:106AD00023EA020304F10C003146A36003F097FAA5
:106AE000284602B070BD00BF1DA600000CB430B532
:106AF0008BB004460D462022002102A803F0CBFDF6
:106B00000223002D06948DF80A300C4B039312DB00
:106B100001D06B1E1C440FAA0E9902A80794019283
:106B200000F09CF815B1069B00221A700BB0BDE86E
:106B3000304002B070470024EDE700BFF3A9000029
:106B40002DE9F0410126B24201DCBDE8F0810746A3
:106B50003B461F4613F8014B002CF6D0252CF8D1EC
:106B60001D780237252DF3D00023DFF8EC809C46FA
:106B70001C461F2C27D8A5F1200EBEF1100F06D8F9
:106B800028FA0EFE1EF0010F53D12E2D3CD02E2DD3
:106B900027D8242D33D02A2D36D0BCF1000FD4D0E5
:106BA000B445D5D145F020070B68A7F1650CBCF1C1
:106BB000020F01D9612F42D1073323F007030833B5
:106BC00001360B60BFE77F2CDFD96C2D23D01DD899
:106BD000682D27D06A2D01D04C2DDED144F42074CD
:106BE00008E0A5F1300EBEF1090FEED80A2404FB2F
:106BF00003E3202417F8015B002DBAD1CDE7BCF1E7
:106C0000000F18D0B34218D00023F3E7742DF1D051
:106C10007A2DEFD0C1E7250648BF44F4007444F054
:106C20008004E7E7E50548BF44F4007444F4807449
:106C3000E0E70024DEE79C46E6E76325B2E7692D3E
:106C400002D007D8632D03D0250601D5A405B3D4FF
:106C50000433B5E7732DF6E7892801002DE9F04FDD
:106C6000837893B08046D0F804909C07CDE9081251
:106C700014D50B4600250B92187888B1252813D01F
:106C80000133069341460135C847002880F2F4835A
:106C900098F8023043F0040388F802304FF0FF35D3
:106CA000284613B0BDE8F08F93F801A09A1CBAF102
:106CB000250F0692E6D04FF0000B5E465F465C461D
:106CC0001F2C23D8AAF12003102B22D8DFE803F0D1
:106CD0001521211B2121210B2121211321182121E3
:106CE000090044F00104069B13F801AB0693BAF1C6
:106CF000000FE5D11BE044F0020444F00404F2E785
:106D000044F00804EFE744F01004ECE77F2C00F2B5
:106D1000F880BAF12E0F00F0D58000F2AE80BAF103
:106D2000240F00F0D580BAF12A0F00F0B680BBF135
:106D3000000F06D0099B5A460BA908980B93FFF742
:106D4000FFFE002E4AF02003B8BF24F04004049355
:106D5000A3F16503BCBF0026A4B2022B04D94AF0FC
:106D60002003612B40F088826FEA0A0A0AF02003B0
:106D700007930B9B073323F0070303F108020B92E1
:106D8000049A612AD3E900AB04F0400340F0E680A6
:106D9000002B079B50460CAA08BF4FF0FF3600930C
:106DA000594644F4C054334603F09CFD01304FF083
:106DB000010CDDF830A0C3B2B3420393A8BF03F1C6
:106DC000FF367023CDE9043C0AF10903122B0DD9DB
:106DD0000AF16303C62B40F2F4800AF2E73340F273
:106DE000CE7293428CBF0423032305939DF8343065
:106DF000D80700F1E880A20700F1E880C4F3800B17
:106E00004FEA4B1B5FFA8BFB13F00C0F00F0EA808C
:106E1000BBF1000F0CBF03230423BB420EDA200793
:106E2000A7EB03070BD42F4441462020C847002876
:106E300005F10105FFF62CAFBD42F5D10027BBF1EE
:106E4000000F07D041465846C847002805F1010504
:106E5000FFF61EAF9DF83430AD4C13F0080FAD4B6C
:106E600008BF1C462646324616F8010B002840F0A3
:106E7000B0802C1B02EB040B7AE1AAF13003092B42
:106E80003FD814F0400F4FF00A020ABF44F020042C
:106E900002FB063602FB073725E7BBF1000F7FF444
:106EA00022AF0B9A600652F8043B0B9201D51E46A6
:106EB00019E7002BA7BF44F020041F465F4244F0AF
:106EC000280410E763063FF5EBAE44F040040AE700
:106ED000BBF1000F3DD014F0400A099B0BA90898A4
:106EE0000CBF3A4632460B93FFF72AFE0B9B53F832
:106EF000042B0B93BAF1000F01D01646F3E61746A8
:106F0000F1E6BAF16C0F16D00CD8BAF1680F19D0AF
:106F1000BAF16A0F03D0BAF14C0F7FF408AF44F412
:106F20002074E0E6BAF1740F3FF4DDAEBAF17A0FE7
:106F30003FF4D9AEFBE6200648BF44F4007444F0A9
:106F40008004D0E6E30548BF44F4007444F4807440
:106F5000C9E65E46BB4634463746C4E6002B049B72
:106F600008BF0626652B0ED1721C44F48054D2B2A1
:106F70001346112A4FF065014FF0000228BF11237C
:106F80009446049107E0049B662B12D144F400540C
:106F9000B4460122112350465946CDE9002C0CAAD3
:106FA00000F014FBDDF830A0C3B203930223059375
:106FB0000AE716F0FF02DBD1652394460493012310
:106FC000E9E7022311E74FF02D0B1DE74FF02B0BE4
:106FD0001AE7079B4146C01AC0B2C8470028BFF64F
:106FE00042AF55E614F4405F40F09680039B002EBC
:106FF00003F1480308BF01266B44133B039A1AB1FF
:1070000013F8012D302A75D014F0100F039B18BF10
:1070100033461AF1040F72DBB24570DA534544F47B
:1070200000547CDD0AF101069E1B2AEAEA73013353
:10703000BBF1000F00D00133002E72D0721C13443C
:107040009F42CCBFFF1A002714F0090F03D12F4431
:10705000BD426AD10027BBF1000F07D04146584618
:10706000C847002805F10105FFF612AE230510D52B
:1070700041463020C8470028FFF60AAE079B41462C
:107080000235C3F1780000F0F800C8470028FFF689
:10709000FFAD200704D4AB467D195D454DD10027D7
:1070A000A10468D52AEAEA737642AAEB030A039A96
:1070B000013B05F1010B524589BF0CAA3020524417
:1070C00050799E4241DC41460493C84700280AF1AA
:1070D000010A049BFFF6DCAD5A1C09D141462E2063
:1070E0000493C8470028FFF6D3AD05F1020B049BBB
:1070F0005D46DCE7039A013AD2B203927EE75E1E58
:1071000014F4006F059A14BF0523032313448FE77B
:1071100020CB00002EC40000A10486D4F0E7002696
:1071200083E7E20648BF01338AE741462020C8478B
:10713000002805F101058BDAAAE541463020C84751
:1071400000280BF1010BA8DAA2E541460393C847DA
:107150000028FFF69DADE6060AD5039B013307D153
:1071600005F1020B41462E20C8470028FFF690ADDE
:107170005D465F4412E241469DF83500C84700284D
:10718000FFF686AD002E5DDD41462E20C847002863
:10719000FFF67EAD01240CAB039A4146A346A24202
:1071A000CABFE21830205079C8470028FFF670ADFA
:1071B00001340CABA642EFDAAC1C5C44049B4146A4
:1071C000079A981AC0B2C8470028FFF661ADBAF115
:1071D000000F4146B6BF2D202B20CAF1000AC84738
:1071E0000028FFF655AD059B042B37D14FF47A7676
:1071F00041460334BAFBF6F505F13000C0B2C8478A
:107200000028FFF645AD06FB15AA64264146013469
:10721000BAFBF6F505F13000C0B2C8470028FFF60A
:1072200037AD06FB15AA0A2641460134BAFBF6F52E
:1072300005F13000C0B2C8470028FFF629AD06FBB3
:1072400015AA12E0E40601D46C1CB7E741462E20D3
:10725000C847002805F10204B0DA19E5059B02349D
:10726000032BD2D0059B012BDDD10AF1300004F1B4
:10727000010B4146C0B277E7AAF16303122B00F27B
:10728000E580DFE813F013005400E300E300E300BF
:10729000E3005400E300E300E300E300E300FC004C
:1072A000DD00E300E3002900E300AB000B9B0126B7
:1072B0000DF1300A1A1D1B680B928DF83030200733
:1072C0002CD50AEB060B54465C4529D1A5EB0A0ADE
:1072D000BF1B04EB0A0B4BE70B9B1A1D0B92D3F859
:1072E00000A0A94BBAF1000F08BF9A4614F0400F56
:1072F000504614BF31464FF0FF3103F0D4F9064633
:10730000DDE741462020C8470028FFF6C1AC013C1C
:10731000A642F6D32F443D1B2746D2E73C46F7E76B
:10732000414614F8010BC8470028CDDAB0E4210625
:107330000B9B32D5A2052BD5073323F0070303F1AE
:107340000802D3E900010B9224F0100B00291FFA68
:107350008BFB32DA40424BF4806B61EB41010CACA9
:107360000A23224603F0ABF91BF0400FA0EB040206
:1073700000F09C802BF0010396429BB240F39F806B
:10738000BAF1000F40F09D802BF011039BB21FE07B
:107390001A1D18680B92C117D6E71A1DE005196867
:1073A0000B9201D40846F6E7A20547BF48B241F365
:1073B000C01108B241F3C031C6E750EA0103CED193
:1073C0006306CCD5002ECAD124F011043246A3B2F4
:1073D000344640F206410B426FD126E024F01004FF
:1073E0000A23A4B214F0800C0B9A4CD014F4007150
:1073F00015BF0732101D22F007020B900FBF106857
:1074000002F108010B91D2E9000150EA010247D1D3
:1074100024F0160B62061FFA8BFB45D5002E43D1D4
:1074200024F017043246A3B2344619075FD4D907B3
:1074300004D5A74272DD3C1BA6183C46A34650E08B
:1074400044F0100410234FF0780ACBE74AF02003F1
:10745000782B04D1CAF1780343F01003C2E7414608
:107460002520C8470028FFF613AC41465046C847C0
:107470000028FFF60DAC0235069BFFF7FDBB082385
:107480004FF0000AAEE7111D10680B9114F48071E3
:10749000BBD014F400711ABFC0B2614680B2B4E729
:1074A00024F006041FFA84FB0CAC5AE714465B4632
:1074B000D9068ED5BAF1000F05D10134B5E71446CF
:1074C000F6E73446F4E70234AFE741462020CDE941
:1074D0000332C8470028FFF6DBAB0BF1010BDDE9F7
:1074E00003325F45F1DC2C1B04EB0B055C46D9062F
:1074F00016D5414630200392C8470028FFF6C8AB96
:10750000039ABAF1000F32D0023541465046C847BF
:107510000028039AFFF6BCAB2E441DE016468DE70B
:1075200040F206410B42F7D013F0020F05F10105BE
:107530004146039214BF2B20202013F4806F18BF04
:107540002D20E4E7414630200392C847002805F18A
:107550000105039AFFF69CAB731B9A42F2DB1646B9
:107560000DF1300A2EB902EB050B3F1B00E6013589
:10757000D2E7013E414603921AF80600C8470028A8
:10758000039AEFDAFFF784BB24CB000041462020AA
:10759000C847002805F10105FFF67AAB7B1B002BDD
:1075A000F4DC69E71FB502AB074A00934FF0CC3318
:1075B00003F062F9DDE90201C00840EA4170C90840
:1075C00005B05DF804FB00BFCDCCCCCC2DE9F04F6D
:1075D0009BB00F0D04460A939DF890300592C1F3BD
:1075E0000A520C93C1F31303C90F07917AB950EAF9
:1075F00003017ED10599302301274B71079B0A6057
:1076000043F002030B7138461BB0BDE8F08F40F227
:10761000FF718A420BD10343079B059A4FF0000785
:1076200014BF43F0080343F004031371EBE7A2F225
:10763000354A43F48015234304F001024FEA8508DC
:107640000CBF27F00107012748EA9478089208BF89
:107650007F054FEA840602BF7F0DB7FA87F77F09DF
:10766000BAF1000FC0F2B680504600F0EFF9BAF15F
:10767000030FC8BF0138049000F0F4F9049B7C307C
:1076800016A9A3EB0A0A8244184600F07DFA12AB51
:1076900020462946019310AB16AA02970093534641
:1076A00003F033F8049B04460D46152B00F28E8040
:1076B00014ABA94A3046414600934FF0CC33DDE984
:1076C000109A03F0D9F8149B159A9B0843EA827329
:1076D00003EB8303B34210D14146304600F0CAF9B0
:1076E000049B83428CBF4FF000084FF00108002735
:1076F00015E01D46DFF864A29DE7089B002B55D1DD
:10770000013E48F1FF31F01B61F1000100F0B2F9D8
:10771000049BDDF8208083428CBF002701270C9B4F
:10772000002B40F0C880DDF8289000264FF00A0BAF
:1077300006960996DDE91001FFF734FFDDE912A393
:10774000CDE90D01194650460F93FFF72BFF0A466E
:1077500003460D990B908B420E9B72EB03010F9B1E
:1077600080F0C480204629460F92FFF71BFF0B9B39
:10777000002E14BF4FF0000808F001080F9A0BFB11
:1077800010460BFB03F50D9BF6B2044610935545CE
:1077900014BF002707F001070E9B0D4613921193AB
:1077A0000B9B1293069B01330693C3E7B01C48F171
:1077B000000100F05FF9049B83428CBF0020012090
:1077C000B9EB00006AF10002CDE910024FF00008A9
:1077D0004746A4E7CAF1000B584600F03DF9BAF15C
:1077E000FF3F0CBF8146A0F10109ABEB090B0AEB8F
:1077F00009035846049300F035F916A9A0F17D0A53
:10780000584600F04FF912ABA9EB0A0A2046019343
:1078100010AB294616AA00935346029702F075FF53
:10782000B9F1010F04460D460ED8089B13B94FF06D
:10783000010874E7109B4FF00108119A013B42F1D7
:10784000FF32CDE9103252E7B9F13E0FBED84FF00A
:10785000FF33A9F12000C9F1200103FA09F203FA6C
:1078600000F023FA01F103FA09F3024326EA0306C2
:107870000A4328EA020856EA08060CBF4FF001083E
:107880004FF0000833E700FB02F60133A1FB0012C2
:1078900032448C4275EB0206F5D2049A1344259AC1
:1078A0001344D20F9342B8BF13460A9A9A42A8BF14
:1078B0001A46914639E70A21002201230846E8E7E3
:1078C0000BFB01FE0CF1010CA0FB0B017144844287
:1078D00075EB010EF4D2CC450DDDB9F1000F02D1EC
:1078E00054EA050107D0012309933BE70A20002150
:1078F0004FF0010CEBE7002F32D04FF00A0B50464F
:107900001946FFF74FFE0BFB00F20B9152450E900C
:1079100026D1002E14BF4FF0000808F00108DDE961
:107920001001FFF73FFE8A460D9029462046FFF7DB
:1079300039FE0D9A0E9B0BFB10460D460446129322
:10794000F6B2CDE9102A0B9A9A460B9B1392069A2F
:1079500001320692D3E700BFCDCCCCCCCCFBFFFFED
:10796000B8F1000F05D0052E03D104F0010604364E
:10797000F6B2049B069A13449846099B53B9DDE975
:1079800012239D4208BF944204D1089B002B49D189
:10799000002F47D0042E94BF0026012630194FF047
:1079A0000A024FF000034FF0010745F100011446B1
:1079B000904271EB030537D2F6B1B9451CDA0C9B46
:1079C0006BB1259A08EB070313440A9A012BB8BF41
:1079D00001239A42A8BF1A46974291460CDD053012
:1079E00008F1010807F1FF374FF00A024FF00003DA
:1079F00041F10001F8F750FE4F450FFA88F8059B5A
:107A0000A8BF4F464FF000093FB2B84408F1FF3617
:107A100007F105089844B9450DDB059B079A1E60E0
:107A20001A71F0E50126B9E704FB03F50137A2FB63
:107A300004232B44BCE70A220023F8F72DFE303242
:107A400009F1010908F8012DE5E700BF014B584392
:107A5000800C704741340100014B5843000D7047C2
:107A6000FB2E0B00024B5843C00C0130704700BF87
:107A70004F93120070B50346094A00204FF0CC36F0
:107A80004FF0333506FB03F402FB0144A3FB023144
:107A900021449D4275EB010401D30130F2E770BD32
:107AA000CDCCCCCC1A232DE9F04FB0FBF3FA334EFA
:107AB00003FB1A0389B004460D4606EB0A1653B9B8
:107AC000D6E90023C1E90023D6E90201C5E9020194
:107AD00009B0BDE8F08F2A4A02EBC303D3E900895D
:107AE00004AB404649460093D6E9022302F0C4FEA7
:107AF00006AB83460F46404649460093D6E900232D
:107B000002F0BAFE00238146DDE9066216EB0B06A1
:107B100052EB070828BF012333B1049B059A0133B8
:107B200042F10002CDE9043220460391FFF79AFFAB
:107B300007461A2000FB0AF0FFF794FF3F1A32466F
:107B4000434648460399009702F0ADFE0D4A4FEABE
:107B5000141C640004F01E0352F82C40DC4004F0B6
:107B600003042418304641F10001DDE90423C5E98E
:107B700000414146009702F096FEA7E7F8B50000E5
:107B800028B5000054BB00002DE9F04F1A2700F182
:107B90001905DFF8E8A089B004460E46B5FBF7F5F5
:107BA0006F434FEA051B0AEB05153A1A0AD1D5E9CE
:107BB0000023C1E90023D5E90201C6E9020109B0A9
:107BC000BDE8F08F2B4B03EBC203D3E9008904AB74
:107BD000404649460093D5E9022302F04DFE5AF88B
:107BE0000B206B68013ACDE9020106A963F100039D
:107BF00040460091494602F03FFE8A460299002322
:107C00008146DDE906526D18039952EB010828BF41
:107C1000012333B1049B059A013342F10002CDE9FF
:107C200004323846FFF71EFF07462046FFF71AFFCB
:107C30003F1A2A46434648465146009702F033FE13
:107C40000D4A4FEA141C640004F01E0352F82C4045
:107C5000DC4004F0030401342418284641F10001FB
:107C6000DDE90423C6E900414146009702F01BFE0E
:107C7000A3E700BF28B50000A8BB0000C8B60000FD
:107C800010EE103A07B523F00043194A934207D883
:107C90000020DFED180A03B05DF804EB00F0E0B857
:107CA000B3F1FF4F04D303B05DF804EB00F060B80C
:107CB000684600F01DF900F003009DED000A012860
:107CC000DDED010A08D0022809D070B9012000F0CA
:107CD000C7F803B05DF804FB00F06AF8F9E701208B
:107CE00000F0BEF8B1EE400AF3E700F061F8F9E702
:107CF000D80F493F0000000010EE101AC1F3C7531F
:107D00000029A3F17F0210B5ACBF01244FF0FF346E
:107D10001E2A1ADC002A04DA013218BF0024204689
:107D200010BD162AC1F31601D8BF4FF4800341F4E9
:107D30000001CDBF963B1341C2F1170201FA03F3D4
:107D4000DCBF5B18D3405C43E9E7DFED087AB4EEB3
:107D5000670AF1EE10FA01D000F01EF8012C4FF086
:107D6000FF3418BF002404F10044D8E7000000CF1E
:107D700008B52DED028BB0EE408A02F042FE20B134
:107D800038EE080ABDEC028B08BDDFED027A87EE03
:107D9000A70AF7E700000000DFED047A82B087EE63
:107DA000A77A8DED017A019B02B0704700000000B8
:107DB00010EE103AB7EE007A23F00043B3F1485FBB
:107DC0003BD360EE006ADFED1E5A9FED1E6AF6EEB1
:107DD000007A1D4A60EE200A06EEA56ADFED1B5A06
:107DE000934266EEA77A56EE265A9FED196A05EE83
:107DF000A66ADFED185A56EE265A9FED176A05EE71
:107E0000A66A26EE266A56EE260A04D877EEE07AAF
:107E100037EE670A7047114A934296BF03F17F43DA
:107E2000F5EE026A06EE903A77EEE67A37EE660AEB
:107E300077EEE07A30EE670A7047B0EE470A704797
:107E40004ED747ADF6740F319999993E7CF2933431
:107E5000010DD037610BB63AABAA2A3D0000483F6E
:107E600010EE103AF0EE407A23F00043B3F1485F91
:107E700001D200F067B960EE006A9FED167ADFED7F
:107E8000165A56EE875A9FED157A20EE266A05EEB1
:107E9000A67ADFED135A57EE265A9FED127A05EEB9
:107EA000A67A40B9DFED105A56EE875A45EE867A2B
:107EB000B0EE670A704726EE077AF6EE005A10EE2B
:107EC000A57A57EE260A9FED097A46EE470A30EE6C
:107ED000600A7047D3C92E2F342FD7321BEF3836A4
:107EE000010D50398988083CABAA2A3EABAA2ABEAC
:107EF00070B510EE105A854A86B0044625F000434E
:107F0000934205D8002380ED000A4360002022E060
:107F10007F4A93423AD825F00043002DDFED7D7A69
:107F200023F00F037C4A18DD934230EE670A09BF45
:107F3000DFED7A7A9FED7A7A30EE670A9FED797AF3
:107F400070EE477A30EE670AC0ED007A30EE470AED
:107F500080ED010A012006B070BD934230EE270A81
:107F600009BFDFED6E7A9FED6E7A30EE270A9FED46
:107F70006D7A70EE077A30EE670AC0ED007A30EE67
:107F8000070A80ED010A4FF0FF30E4E7664A9342AA
:107F90006DD8F6EE007A9FED657AB0EEC00A40EE3D
:107FA000077AFDEEE77AB8EEE76A17EE900ADFEDA2
:107FB000597A1F2806EE670ADFED597A66EE277AAE
:107FC00030EE677A09DC25F00042461E584922F05F
:107FD000FF0251F826108A4208D117EE101ADA155E
:107FE000C1F3C751C1EBD353082B02DC84ED007AF7
:107FF0001AE0DFED4A7A9FED4B7A66EE277A70EE53
:10800000676A30EE660A70EE677A56EE077A36EEE9
:10801000E77A17EE103AC3F3C753D31A192B15DCBE
:10802000B0EE660A84ED007A30EE470A002D30EE9D
:10803000670A84ED010A8EDAB1EE477AB1EE400AA2
:1080400084ED007A84ED010A404284E7DFED397A5D
:108050009FED397A66EE277A36EEE70A76EEC06A49
:1080600076EEE77A56EE077A30EE677ABEE7B3F13E
:10807000FF4F06D330EE400A80ED010A80ED000A82
:1080800044E7DA15DFED2D6A863AA3EBC25307EE1B
:10809000903ABDEEE77AB8EEC77A77EEC77A8DED03
:1080A000037A67EEA67ABDEEE77AB8EEC77A77EE86
:1080B000C77A8DED047A67EEA67AF5EE407ACDEDBB
:1080C000057AF1EE10FA1DD1B5EE407AF1EE10FA14
:1080D0001AD002231A4903A80191022100912146D6
:1080E00000F03EF8002DBFF636AFD4ED007AF1EE89
:1080F000677AC4ED007AD4ED017AF1EE677AC4EDC7
:10810000017AA1E70323E5E70123E3E7D80F493F1D
:10811000E3CB1640800FC93FD00FC93F004435372D
:108120004344353708A3852E800F494384F9223F05
:1081300000BC000000A3852E32318D240000804356
:1081400080BC0000F7EE007A9FED047A82B077EEF3
:10815000877ACDED017A019B02B070470000800064
:108160002DE9F04F90469B46B94B0F4618F1040F8E
:108170002DED048BD9B0669A679D53F822A00BF1C0
:10818000FF32019025DBB8F1030348BF08F1040377
:10819000DB105E1C9C1A0AEB020C0DF17009F10059
:1081A0009FEDAF7AA8EBC606029105EB840E002185
:1081B000614510DD1CA90DF58879002401EB8B01C8
:1081C000544526DCDDF804E08C46DFEDA57A00207E
:1081D00018E00023DDE7CC4254BF5EF82100F0EE4A
:1081E000477A01F101015CBF07EE900AF8EEE77AE9
:1081F000E9EC017ADCE7FEEC016A01303CED017A42
:1082000046EE877A9042F6DD01340431E9EC017ADA
:10821000D6E708A905EB83035446DFED908A01EB0E
:108220008A019FED8D9A03930491A30044A92046EF
:10823000059358AB01EB840103EB840313ED140A9F
:1082400008AB1D4600284CDC3046CDE9062300F083
:10825000EFF9F4EE007AB0EE408A60EE277AFBFE8A
:10826000677AB2EE007A002EDDE9062307EEC78AB0
:10827000FDEEC87A17EE909AF8EEE77A38EE678A44
:1082800041DD08A9601EC6F1080E51F820C04CFA65
:108290000EF5A94405FA0EF5ACEB050541F82050A2
:1082A000C6F107010D41002D3CDD4FF0000C09F136
:1082B0000109614664456BDC002E03DD012E77D099
:1082C000022E7FD0022D2DD1B7EE000A30EE488A63
:1082D00041B33046069200F0ABF9069A38EE408A78
:1082E00020E060EE287A0138FDEEE77AF8EEE77AD2
:1082F00007EEC90ABDEEC00AA5EC010A31ED010A7C
:1083000037EE800A9EE705D1611E08A850F821507B
:10831000ED11C8E7F6EE007AB4EEE78AF1EE10FA56
:1083200034DA0025B5EE408AF1EE10FA40F09A807A
:10833000611E00200DF1200C51454BDA002863D05E
:10834000013C083E08AA52F82430002B7DD030466C
:10835000B7EE000A00F06CF9631C44AA08A9980063
:108360009FED3E7A02EB83022346002B80F2A88029
:108370002346002BC0F2C48044AADFF8D8C0DFED4A
:10838000387A002102EB8306E21AAEE002258CE780
:1083900053F8040B49B920B1C0F5807043F8040CC0
:1083A00001200CF1010C014684E7C0F1FF00F5E764
:1083B00004F1FF3C08A850F82C3003F07F0340F88C
:1083C0002C307FE704F1FF3C08A850F82C3003F074
:1083D0003F03F4E75CF8213001391843ACE701337F
:1083E00051F8040D0028FAD0059904EB0B0C1CA8D9
:1083F000651C01F5B071234400EB8C0069444C39D5
:10840000AB4204DA1C4610E704990123E8E7039C19
:10841000DDF804C054F8254007EE904A0594002486
:10842000F8EEE77AE0EC017A8646DFED0D7A9442C9
:1084300003DD0135E1EC017AE2E7FCEC016A01348D
:108440003EED017A46EE877AF1E7013C083E7AE795
:10845000C4BF000098BF0000000080430000803BC4
:1084600000000000029BB0EE480AA3EB080000F0F9
:10847000DFF81FED077AB4EEC70AF1EE10FA19DB48
:108480005FED0A7A08AA083660EE277AFDEEE77AF1
:10849000F8EEE77A07EEC70AFDEEE77ABDEEC00A0E
:1084A00010EE103A42F82430013417EE903A42F8B8
:1084B00024304CE7BDEEC00A08AA10EE103AF6E7E9
:1084C00051F82360013B07EE906AF8EEE77A67EE19
:1084D000807A20EE070A62ED017A46E7FCEC016A39
:1084E0000131B6EC017A46EE877A514501DC9142C2
:1084F000F4DD58A9013B01EB820242ED287A38E70E
:10850000669B022B09DC002B26DC3FD009F007001C
:1085100059B0BDEC048BBDE8F08F669B032BF5D101
:1085200030AA031F264613441946002E4FDC21466D
:1085300001295CDC13185FED367A012C67DCDDED78
:10854000306A9DED317A002D67D1C7ED006A87ED65
:10855000017AC7ED027AD9E730AB22461FED407AA7
:108560000344002A24DA4DB3F1EE477AC7ED007ACE
:1085700031AADDED307A012377EEC77A9C4220DA0A
:108580000DB1F1EE677AC7ED017ABFE730AB5FED71
:108590004C7A0344002C05DA0DB1F1EE677AC7ED91
:1085A000007AB3E733ED017A013C77EE877AF1E7A1
:1085B00073ED017A013A37EE277AD2E7F0EE477A87
:1085C000D4E7B2EC017A013377EE877AD6E771ED22
:1085D000017A013ED1ED016A37EEA67A77EEC77ACD
:1085E00081ED007A77EEA67AC1ED017A9DE773ED11
:1085F000017A0139D3ED016A37EEA67A77EEC77AB0
:1086000083ED007A77EEA67AC3ED017A90E733ED39
:10861000017A013C77EE877A8FE7F1EE666AB1EE78
:10862000477AF1EE677AC7ED006A87ED017A90E745
:10863000024610EE100AC0F3C75320F0004183B980
:10864000A9B3DFED1B7A1B4960EE277A8A4217EE49
:10865000900AC0F3C753A3F1190307DAC00F00F063
:108660002DB8FF2B02D130EE000A70474CF250318A
:108670008A4202DDC00F00F02FB81344FE2BF9DC54
:10868000002B06DD20F0FF4040EAC35300EE103A15
:10869000704713F1180FE1DB193320F0FF409FED15
:1086A000060A40EAC35007EE900A27EE800A704798
:1086B0000000004CB03CFFFF000000339FED040AB7
:1086C0000028DFED047A40FE277A27EE800A704703
:1086D00000008000000080809FED040A0028DFED8C
:1086E000047A40FE277A27EE800A7047FFFF7F7FDB
:1086F000FFFF7FFF70472DE9F04F85B01446CDE9AD
:1087000001030091002876D0002974D0002A72D08D
:108710004FF000094FF0FF3810274D4646465308EA
:108720000393029B9F4220D94946002D63D00F9BA3
:10873000009AC3E902159A804FF47A72A4FB0101F2
:108740001C60A0FB020302FB01316B08C0182A4623
:108750004FF0000341F10001F7F79EFF0F9BC3E9C3
:108760000401002005B0BDE8F08F019B2246A3FB69
:1087700007BA039B13EB0B004AF100010023F7F744
:108780008BFF0346014600B3009AA2FB03CE0E9A6C
:1087900062454FF0000272EB0E0216D3A4FB0332C7
:1087A0009B457AEB020C12D2B3EB0B0362EB0A028D
:1087B000D5B1A5FB03BEA7FB08AC05FB02EE07FB8A
:1087C00006CCD3457EEB0C0C07D31037A9E7BBEBE7
:1087D00003036AEB0202002DEBD116461A439846BA
:1087E00007D081463D46F0E781463D46984616460D
:1087F000EBE73D4699E76FF01500B3E7F0B50026CB
:10880000B44634460F014901B14201D80020F0BD01
:10881000B6FBF7F307FB13634FEA131E03F00F03D6
:108820005D0050F82E30EB4003F00303032B0FD014
:1088300033B923460CF10104A44601361C46E3E794
:10884000002CF9D09C4201D0624501D80024F3E706
:108850006FF01500DBE72DE9F04788460446014636
:1088600000201746024640451AD10F320F2A4FEA20
:10887000121554D9089A954251D818460021AA00D9
:1088800001F009FF4FF0000C0346E646C4451FD136
:108890003A4629461846FFF7B1FF28B9284605E0B1
:1088A0000D780E46022D03D96FF01500BDE8F08754
:1088B000CD88002DF8D0B1F802C0BC45F4D3B688FD
:1088C000083106EB4C06AE42EED82A440130CAE726
:1088D0002278012A07D02AB9E2880CF1010C9644CB
:1088E0000834D3E70222E688A188761A06EBD6760A
:1088F0000EEB66063046A18831448142ECD94FEA3E
:10890000101A00F00F0953F82A104FEA490902FA29
:1089100009F941EA090143F82A100130EBE76FF049
:108920000B00C3E708B1F8F7B1BAF8F7B7BA00EB34
:10893000C100408840087047F8B50346FFF7F7FFCD
:10894000B0FA80F0C0F11F0003EB800CDCF810607F
:10895000CA00171D0C4606328DB256B9012101FA24
:1089600000F0D9680143D960CCF81040DD539D5226
:10897000F8BDF1000431585AD85303EBC0009E52A1
:10898000C5805D52F4E7043A2DE9F843CC1D11444B
:1089900024F0070421F00706A6EB04084FEAD807E5
:1089A000B7FA87F24FF00009C2F12405AD00073590
:1089B000C2F12002ED0804604946A760C4F80C909B
:1089C000920004F1100001F066FEAAB2530043F0D9
:1089D000010363807B1B9BB204EBC5015800A4F824
:1089E0000090488024F83520A6F8029024F808303A
:1089F00004EBC7035A88294642F001025A802046F8
:108A0000BDE8F843FFF798BF2DE9F04706460D464D
:108A1000174698462BB34FF0000A98F8004093F899
:108A20000190DB78A40004EB430498F802301C4466
:108A30004444CA4509D339463046AC46D8F80420E8
:108A400008F10803BDE8F047604714F8013B0AF15C
:108A5000010A204648F82340F7F738FE0130044465
:108A6000E7E76FF01500BDE8F08730B50246002457
:108A7000002012F8013B43B178B18C4207D1702B32
:108A800004D0A3F140053A2D07D8002030BDA3F152
:108A900040053A2D01D80134EAE7252B08BF80F0C4
:108AA0000100E6E7002070470FB407B504A951F8AC
:108AB000040B019100F05BFB03B05DF804EB04B024
:108AC000704710B50369024613F0080009D1136816
:108AD000D4689C429BBF0120126AE31AD31A0B6030
:108AE00010BD00231846FAE713B501A90446FFF7A5
:108AF000E8FF20B1019BE268013B13440193206A27
:108B0000019BC01A013802B010BD10B504465018C0
:108B10002269236AD20702D5013B184010BD984252
:108B200028BFC01AFAE710B504460A46C168FFF725
:108B3000ECFF2369E06023F00803236110BD38B522
:108B40000D46C2698B00016843F00203044642F8F7
:108B5000213001682A46FFF7D8FFE3686168984230
:108B600008BF2369206008BF43F008032A46204657
:108B700008BF2361FFF7C9FF606038BD2DE9F74FDB
:108B80000F460021D0F80CB0C669009216F82B20D1
:108B90009A4602F00302022A14BF894656F82B2097
:108BA00006EB8B030193009B08BFC2F39D0919607C
:108BB0000446CAF80010B9F1000F07D04946FFF784
:108BC000B2FFE368A3604FF0010804E001698A077F
:108BD00005D44FF00008404603B0BDE8F08F81692E
:108BE00006EB8B00884716F82B10054611F001089C
:108BF000EFD08B071DD51FB139462046FFF79FFFE9
:108C000061682A462046FFF780FFD4E902138B42B1
:108C1000606007D12A462046FFF777FF4FF0000833
:108C20000146A0602369216043F00803E1602361ED
:108C3000D1E701462046FFF776FFE168A1601FB14A
:108C40002068E16941F82090EA19CAF800202168FB
:108C50002046FFF75AFF2269206042F00802226195
:108C600016F82B2022F0010206F82B20DDE9003255
:108C70001A60A8E770B504461546FFF746FF23685B
:108C8000834205D12369216023F00803236170BD6D
:108C9000E269AB0043F0020342F8213061682A46E2
:108CA0002046FFF732FF6060F1E738B503690446FC
:108CB0005B0706D5456AFFF717FF85422CBF656243
:108CC000606238BD38B50D4604461C22002101F013
:108CD000E2FC0022EB68A361AB6863612B68E3618F
:108CE0006B68626223622A6923B1591E194208BF68
:108CF00042F001022261012204F128000021BDE8B6
:108D0000384001F0DBB82DE9F04F00259846036AA2
:108D100087B08B4204460E469346AA4603950595B6
:108D200038D3EFF31189202383F31288BFF36F8FB9
:108D3000059A2AB129462046FFF79CFF0023059398
:108D400004A92046FFF7BDFE04990746B1422AD385
:108D50002268E369204613F8221003EB820A21F00F
:108D6000030103F8221021683246FFF7CEFEE368C4
:108D70002060984212D0002789F31188BFF36F8FCB
:108D8000039929B162690AB12046904700230393F1
:108D9000002FC6D1504607B0BDE8F08F236943F0DD
:108DA00008032361E7E718B12046FFF7C8FEE3E7B1
:108DB0005BEA08031CD0019101F08CF80199B8B965
:108DC000B9F1000F14D189F31188BFF36F8F5A46A0
:108DD000434604F12800FCF76BF9EFF311892023D7
:108DE00083F31288BFF36F8FB0FA80F77F09C3E770
:108DF000204605AB03AA2568FFF7C0FE0746BBE780
:108E000070B50446836908460D4698470246EFF35D
:108E10001186202383F31288BFF36F8F2B782046AF
:108E200043F001032B706168FFF76FFE606020461E
:108E3000FFF73BFF86F31188BFF36F8F70BD2DE9FD
:108E4000F843044600272026EFF3118586F31288A5
:108E5000BFF36F8F2369A268190702D46368934236
:108E600000D2236A9B1A002B42D0E06910F822102E
:108E700000EB820911F003033AD0022B04D150F821
:108E800022305FEA930805D1CB0720D44846A36976
:108E900098478046A16842462046FFF736FE0127E4
:108EA000A06041462046FFF73EFE3B4685F3118811
:108EB000BFF36F8F002BC7D137B1B9F1000F03D1CA
:108EC00004F12800FCF7C0F84846BDE8F88341F0FB
:108ED000020100F82210A3694846D4F80880984798
:108EE000414602462046FFF710FE0023A060DDE762
:108EF0009946DBE7F8B50446836908460D4698476E
:108F00000646EFF31187202383F31288BFF36F8F98
:108F10002B7823F001032B7023699B0705D5E268AA
:108F2000E36903EB82039D421AD12B7823F00203FD
:108F30002B70D4E90231994204D132462046FFF722
:108F4000E4FDA06031462046FFF7EDFD87F3118870
:108F5000BFF36F8F04F12800BDE8F840FCF774B848
:108F60002B6860F39F032B60F0E7EFF31181202360
:108F700083F31288BFF36F8F02698368120702D4EC
:108F800042689A4200D2026AD31A81F31188BFF371
:108F90006F8F181E18BF01207047038B13F0070353
:108FA00006D10368002B18BF032008BF00207047BC
:108FB000022B05D1408BB0FA80F040098000704749
:108FC000012B04D10368002B18BF0520EDE700201A
:108FD000704710B50C4600B111B96FF0150010BD07
:108FE000081D00F088F80028F9D1A368032BF6D9F2
:108FF000F3E72DE9F0410D4607461946281D904636
:109000001E4600F089F8044638B1334642462946E8
:109010003846A446BDE8F0416047BDE8F08110B491
:10902000EFF31182202484F31288BFF36F8F416124
:109030005DF8044B0121F8F7CBBB38B50C4605466B
:1090400058B151B10B6843B14B6833B11C220021B8
:1090500001F021FB00202C6138BD6FF01500FBE70B
:10906000F8B504460E46FFF7B4FF051E3BDBEFF3F1
:109070001182202383F31288BFF36F8F4FF6FF71A5
:10908000638B278B8B4207F007072ED0062F2FD834
:10909000DFE807F0182E082E180418006FF0850579
:1090A000002303E0013363830225012382F3118847
:1090B000BFF36F8FBBB100233A4631462046FFF71E
:1090C00098FF10E000233360636823B9C4E90066A9
:1090D00027B13D46E4E71E606660F9E702212046BD
:1090E000F8F776FB3D462846F8BD6FF00A05D7E74E
:1090F0006FF00405D4E7034658B1426802F003025A
:10910000012A03D0032A04D1026812B1002098601A
:1091100070476FF0150070474268034602F0030283
:10912000032A4FF00002816014BF104600685A60A5
:109130007047704703785B075FBF03684288C3F3DB
:109140004A2303EB12105DBF173020F007008008A0
:10915000002070470020704700F0D6BB0346D3E8DC
:10916000EF0F421CC3E8E12F0029F8D170471FB56B
:109170000023CDE902011A4619461846CDE900330D
:10918000F8F730FF05B05DF804FB0120F8F7E6BC06
:10919000002070474368DA71012243681960436810
:1091A0005A71F8F7CDBC70B515460C4669B1D2E9D5
:1091B00001369B1B99420AD813680A460146981942
:1091C00001F05CFAAB682344AB60204670BD6FF0E1
:1091D0001B00FBE770B50E4615461946044618B944
:1091E000BDE87040F8F7BABC33B1C2F34A2310307F
:1091F000120D184401F042FAC4E900562046BDE8B9
:109200007040F8F74FBE2DE9F3415F1C4FEA870825
:10921000064608F1170020F0070080080C461546A6
:10922000F8F718FD00238DF80470ADF805308DF8BF
:10923000073068B10346019AA8F1040143F8102FE2
:109240002A46294452F8045B8A4243F8045FF9D164
:1092500000233146A20102F4E07242EA482222F0E1
:109260007F4222F4700222F03F0202B0BDE8F041DA
:10927000FFF7B0BF07B50123019201AAFFF7C3FFB3
:1092800003B05DF804FB07B5CDE9002302236A466D
:10929000FFF7B9FF03B05DF804FBF8B506460D46CD
:1092A00014461F4604B9F8BD214628463A46B04741
:1092B000241A0544F6E710B542680446D2E90023B3
:1092C00081680068FFF7E9FF002263681A6010BD3B
:1092D00038B54B6805461A68CB680C469A4202D1ED
:1092E0000846FFF7E8FF6368D3E8EF2F511CC3E897
:1092F000E01F0028F8D1A36800209D5438BD0A283B
:1093000038B504460D4602D10D20FFF7E1FF29468E
:109310002046FFF7DDFF002038BD2DE9F04305466C
:1093200089B008460E8891F800900C46D1F8088064
:109330001746F8F7A9FE011EC6F38216C9F3C20943
:109340001FDB4846F8F7C0FD0346214651F8102BB5
:109350006088C2F34A22002A01EB020408BF002100
:109360000022C0F30B10CDE90507CDE90314284610
:109370004146CDE900220296F8F7B2FE09B0BDE8F9
:10938000F0830023E1E7436800201B685B681961F4
:10939000704743681B681A68526853607047012120
:1093A0002DE9F04143681B685A6811751D682F68E4
:1093B000D5E90136D3E900481CB96B681C60BDE8EB
:1093C000F081214630464246B847241A0644F3E766
:1093D00043681B681868F8F7B7BF70B543680C4658
:1093E0001D686B681869F8F795FB214603460F2244
:1093F0002868BDE87040184701F04DB901F03EB94A
:1094000001460068F9F730B808B5F9F7BDF8BDE8CE
:109410000840F9F775BC0A460121FFF72BBF002170
:109420000120F9F721B8836E83F30B887047F9F7B1
:1094300011BC61B662B680F31188BFF36F8F7047BD
:1094400072B6002383F31188BFF36F8FBFF34F8F82
:1094500030BF62B6BFF36F8F704772B6002383F3DD
:109460001188BFF36F8FBFF34F8F20BF80F3118838
:10947000BFF36F8F62B6704740E800F313F4803F8C
:10948000D8B208BF6FF01500704730B50C684B6854
:1094900085B00A894D890094013B24F01F042344C0
:1094A00002F01F0242EA451223F01F0369468DF8BD
:1094B00008200393F9F7F6FC05B030BD08B5D1E9F3
:1094C00004319847002008BD08B5F9F7FFFE0020D9
:1094D00008BD10B544686068002845D0226912B103
:1094E000E16801F0CBF8237A6BB12368C3F305334D
:1094F0009B0003F1A04303F58023D3F8002542F03D
:109500001002C3F80025D4E90032C3F8082801226C
:109510002368C3F800286169002925DBC1F34713DC
:109520001B0103F1A04303F54F23D3F8000501F01D
:109530001F018A400243C3F80025626901211346D6
:10954000002AB8BF02F11F03C3F347131B0103F145
:10955000A04303F54F23D3F8080502F01F0201FAD8
:1095600002F20243C3F80825002010BD0C22036953
:10957000C9B202FB0133186C00F00700704770B5E8
:109580000346C9B20069EFF31186202484F31288E0
:10959000BFF36F8F0C2505FB0104246C14F0C0048D
:1095A00001D0A24211D1012205FB0100026400207A
:1095B00086F31188BFF36F8F30B90C225B6802FB12
:1095C00001335B689847002070BD4FF0FF30EFE734
:1095D0008022FFF7D4BFF8B5069F05460469C9B2DB
:1095E000EFF3118C202080F31288BFF36F8F0C26CD
:1095F00006FB0146306C00F0070EBEF1010F10D1E2
:10960000376400268CF31188BFF36F8F3EB90C20AE
:1096100041430C44C4E90E236B685B5898473046BD
:10962000F8BD00F0C00087420CBF6FF077064FF026
:10963000FF36E7E713B580240094FFF7CCFF02B0B4
:1096400010BD10B41C240069CBB204FB0300002140
:109650005DF8044B10471046FBF7F6BC00F0B8B9B4
:10966000FAF760BD436800205B68DB680B607047F9
:10967000436802EA01005B6821EA020158600020A9
:1096800099607047436800205B6859607047436881
:1096900000205B689960704743685B681A6821EA3C
:1096A00002001140586000209960704730B503698E
:1096B000586800B30024884219D108688CB99C68A6
:1096C0005860A14200D19860002008602AB15A6811
:1096D0000A609A68596002B9996000200FE0284634
:1096E000E9E720609868814208BF9C60ECE7056864
:1096F0000446002DF3D1002AE9D16FF0150030BDEA
:10970000FAF778BF4368187B704710B5446823693F
:1097100098474FF0FF3223680020C3F8042310BDA0
:1097200008B54C2000220121F9F72AFABDE80840CB
:109730004C20F9F7F5B910B40269936B2BB90123EA
:1097400082F83C305DF8044B704792F83C1011B140
:10975000002182F83C10DB02F4D51469002CF1D012
:10976000A44600231421D26A5DF8044B604730B54B
:109770001629A1F110040569E4B20CD8406880688C
:1097800020FA01F1C90706D5002005EB840145F850
:109790002420CB6130BD6FF01500FBE7002070473F
:1097A0004368187A70471629034610460BD85A6842
:1097B0005368CB40DB0706D540B913680122890006
:1097C000C9B25A5070476FF0150070476FF07900BA
:1097D000704730B543681360057A446804EBC504EC
:1097E000A34202D36FF0010030BD5C7908338C4294
:1097F000F1D10020F8E743681B68D3F83031704797
:1098000043681B68D3F88004C3F88004704742683B
:109810001368D3F84C0150B10020926A12780A7094
:10982000C3F84C01D3F84C2101229A6270474FF0E3
:10983000FF30704713B501AA0446FFF7CAFF00289E
:1098400005DB019B226819791868FAF763F902B001
:1098500010BD38B5054600220121C620F9F790F960
:10986000C620F9F75DF96C680121E068FFF7E2FFB7
:109870006B6819686369C1F82435E28BA38BA07EFD
:109880001343228C1343628C1343627E9BB20243C8
:10989000207E02431343C1F86C3569680B68D3F826
:1098A000002242F48022C3F800220822C3F80025D7
:1098B0004A6A0121C3F83C270022C3F840271965F2
:1098C000D3F830110029FBD0C3F800256D680021C2
:1098D000E8682C68FFF7AEFF0823C4F800352A7A41
:1098E00052B9AB6AC4F804370123C4F80837C4F886
:1098F0004C21D4F84C21A362002038BD08B50220C9
:10990000F9F78CFE002008BD08B5FAF785FF08BD01
:1099100008B5FCF76FFA48B1002383F31188BFF351
:109920006F8F0423184602DF6FF0040008BD034662
:109930000020184700F080BA024610B5116891B1B6
:10994000B1FA81F3C3F11F000123834021EA03032D
:10995000D2E8EF4F8C4204D1C2E8EC3FBCF1000FDB
:10996000F6D1EBD110BD6FF00B00FBE710B503682B
:10997000CB40DB0710D401238B40026843EA02018D
:10998000D0E8EF4F944204D1C0E8EC1FBCF1000FC7
:10999000F6D1F2D1002010BD6FF01500FBE7FAF709
:1099A0005DBB10B1012802D07047FAF7BBBBFAF7D4
:1099B00069BC18B1012803D100F00CB800F008B858
:1099C000704708B5FAF792FCBDE80840FAF7EABB21
:1099D000FAF77CBBFAF71EBCF7B51646DDE9084777
:1099E000019001A81D46FAF7BBFC019BB6F1000CE3
:1099F00018BF4FF0010C00EB83000B1E18BF0123B2
:109A0000002D43EA4C030CBF4FF0000C4FF00C0C40
:109A1000002C43EA0C030CBF4FF0000C4FF4706CA9
:109A2000002F43EA0C030CBF4FF0000C4FF4403CF6
:109A3000D0F8802043EA0C0322EA030301B109783D
:109A40000EB13678760019430DB12D78AD00314353
:109A50000CB12478240229430FB13F783F040C4312
:109A60003C43C0F8804003B0F0BD1FB50DF10F03BB
:109A7000019300238DF80F101A4619460093FFF743
:109A8000ABFF05B05DF804FB10B504460846FAF7D5
:109A900077FC04EB4004207DC0F3401010BD10B5EE
:109AA00004460846FAF76CFC04EB4004207DC0F342
:109AB000400010BD10B504460846FAF761FC04EBFF
:109AC0004004A08A400B10BD70B5044608461646F7
:109AD000FAF756FC083034F810300D46DA0509D58F
:109AE000C3F3432304EBC3023146284654F8333012
:109AF00052689847A3682BB131462846E268BDE812
:109B00007040184770BD10B504460846FAF738FC97
:109B100004EB4000838ADA051DD5C3F3432123F407
:109B2000F853838204F1120204F1580032F8023F24
:109B300013F4807F03D0C3F3432399420BD08242B6
:109B4000F4D1002204EBC1035A6004F16000BDE8C7
:109B50001040FFF70BBF10BDF0B5044600200127F1
:109B60000546844695420AD1D4F8443133B10023E6
:109B7000C4F84431D4F8443140F40030F0BDEBB2C5
:109B80009B0003F580769B0807FA03F3194208D07F
:109B900054F806E0BEF1000F03D044F806C0A65901
:109BA00018430135DEE738B504460D46FFF76CFF74
:109BB000A8B12046FFF773FF88B92046FFF77AFF68
:109BC000012322688340C2F81833236803EB800026
:109BD000D0F8103523F00303C0F8103538BD2846FF
:109BE000BDE838400021FFF740BF2DE9F04317469C
:109BF000044685B00846FAF7C3FBD7F800800E4646
:109C00000546B8F1000F1ED02046FFF748FF18B1F7
:109C10002046FFF739FF20BB00230DF10F02CDE9ED
:109C200000338DF80E308DF80F30304643460DF17D
:109C30000E01FFF7D1FE04EB4502938A23F00203E5
:109C400043F0010393827B689BB33146204693F82F
:109C50000080D3F80490FFF722FF28B1B9F1000F7C
:109C60001FD06FF0150027E004EB4500838A23F432
:109C7000604323F020038382B9F1000F11D0B8F1C3
:109C8000030FEED87B6821685B6893F800C04FEA49
:109C90008C031944B8F1000F11D1C1F81085C1F837
:109CA000108504EB4502938A23F01C0343EA8803E2
:109CB0009382BB684BBB002005B0BDE8F083D1F8B0
:109CC000102522F00302C1F8102522681344D3F8AE
:109CD000102522F4473222F47C72C3F8102541F695
:109CE000F072D3F8101502EA061242EA08420A435B
:109CF000C3F8102504EB4C03A3F86460838A43EA9D
:109D00004C3343F020038382CBE73146D3E900781C
:109D10002046FFF7F8FE002FCDD063689F4206D0A3
:109D200004F16000FFF708FE002804DAC4E7A36826
:109D30009845F5D1002004EBC003C3E9017804EB9A
:109D40004505AB8AC0B243EA402343F48073AB823B
:109D5000B1E7C0E90312704770B504461546FFF736
:109D600093FE48B10846FAF70BFB04EB40040020D1
:109D7000A38A5B0B2B7070BD6FF01500FBE790F8AA
:109D80007400003818BF01207047FAF72FBB2DE987
:109D9000F34104461746FFF777FE0D462668F0B1FB
:109DA0002046FFF77CFE8046C8B92046FFF782FEBA
:109DB000820002F5807346F80380F3582368134449
:109DC000D3F8102542F00102C3F8102527B1012372
:109DD00022688340C2F8143302B0BDE8F081D6F89F
:109DE000143328469B035CBF4FF40033C6F814338A
:109DF000FAF7C6FA04EB4004A38AC3F38203042BE8
:109E000011D0052B11D001A80195FAF7A9FA019BF1
:109E1000C168D94001F001010231284602B0BDE815
:109E2000F041FFF722BE0321F7E70221F5E7FFF734
:109E3000BABEC9B2FAF7A0BE08B1F9F7C1BA704705
:109E400010B5436904463BB90020E26840425378AC
:109E500043F00103537010BD98470028F4D0002848
:109E6000B8BF4042FF28A8BFFF20E3681870ECE7A6
:109E700040B1C368587810F001001EBF1878B0FADE
:109E800080F040097047EFF31183202383F3128899
:109E9000BFF36F8FFEE7202408B5EFF3118384F33F
:109EA0001288BFF36F8FFFF7CBFAF6E790F90E3009
:109EB0008B4201D0FBF7CEBA002070473AB18A42FC
:109EC00005D3C0E90212C0E90000002070476FF01E
:109ED00015007047EFF30580003818BF0120704768
:109EE0006FF05700704700207047D0E900321360D0
:109EF0005A600023C0E90033704708B5FFF7F5FF4B
:109F0000037C23F0020303740023836008BD38B58B
:109F100004460D46FBF7FAF9237C43F00203237451
:109F2000D5B1A5602B689D4209D16B68C4E9005387
:109F30001C606C6010E06A689A42F6D01B68002BC7
:109F4000F3D093F90E1094F90E209142F3DD5A6884
:109F5000C4E9003214605C6038BD10B5EFF31184C1
:109F6000202383F31288BFF36F8FFBF78FF984F3FD
:109F70001188BFF36F8F10BD08B5EFF31181202258
:109F800082F31288BFF36F8F83680BB1FFF7B5FFC1
:109F900081F31188BFF36F8F08BD08B5037C0146BC
:109FA00013F0280F0CD183680BB1FFF7A6FF0B7CD1
:109FB000084623F004030B74BDE80840FBF766B9BC
:109FC00008BD10B5EFF31184202383F31288BFF38B
:109FD0006F8F1838FFF7E1FF84F31188BFF36F8F9D
:109FE00010BD08B50346EFF31181202282F31288D9
:109FF000BFF36F8F0068834207D008B1FFF77DFF82
:10A0000081F31188BFF36F8F08BD0020F8E7084681
:10A01000FBF7B4B970B506460D46FBF70FFBB5F17B
:10A02000FF3F08BFB6F1FF3F04460CD047F61120B2
:10A0300000214FF47A7547F612220023E4FB050154
:10A04000F6F72AFB70BD4FF0FF30FBE708B5C317EA
:10A050001F3043F10003400940EAC360C117FBF71A
:10A06000EDFA400108BD38B50446EFF31185202311
:10A0700083F31288BFF36F8F037C5B070ED5183014
:10A0800000F05CF8237C204623F004032374FBF7E4
:10A09000FDF82846BDE83840FBF770B985F3118814
:10A0A000BFF36F8F38BD2DE9F04706460F46914646
:10A0B0009A46EFF31188202383F31288BFF36F8F42
:10A0C0000068864206D028B1736898420CBF00250C
:10A0D000056868B90024B9F1000F02D05146204646
:10A0E000C84788F31188BFF36F8F2046BDE8F0871B
:10A0F0005146B84704460028EDD135B17368AB42EC
:10A1000000D02C6828462546E3E72C46FAE708B538
:10A110000246FBF7F3FB70B1D0E904319B1A61EB07
:10A12000E272B3F1004F72F1000104DA002AACBF11
:10A130001846002008BD6FF00040FBE7024638B526
:10A14000EFF31185202383F31288BFF36F8F036829
:10A15000D3B1FBF7D3FB04461046FBF7E1FB00222B
:10A160004FF000438442C0E9042305D0002085F36A
:10A170001188BFF36F8F38BDFBF7C8FBFFF7C7FF30
:10A180000021F9F74DFEF1E7D0E90413B3F1004FD8
:10A1900008BF012902BF00204FF00041C2E90401BD
:10A1A0006FF01500E3E708B5FBF7BEFC08BDFBF751
:10A1B000BBBC0023C0E9081200F11802C0E9062266
:10A1C000C0E90033036343637047704710B5836A87
:10A1D00004461BB101212430FBF7A6FE0020A0623B
:10A1E00010BD38B50446FFF7F1FF237F012B0FD0D8
:10A1F000023B012B0FD8236A012B14BF6FF0960589
:10A2000000252C220021204600F045FA284638BDC2
:10A21000236A002BF1E76FF09605F2E7FBF7E6BE45
:10A22000704700207047002070474FF0FF324FF01A
:10A23000FF33FAF747BEFAF7B7BE0A2842DCC31C61
:10A240001FDA10F1400F45D010F13F0F2BDA10F15B
:10A25000410F42D010F1550F42D010F1490F14BFF9
:10A260006FF086006FF08400704709282DD8DFE872
:10A2700000F0052C2C2F172C372C2C3A6FF098005F
:10A28000704703300D2820D8DFE800F00A331F2282
:10A290001F1F1F1F1F1F071F1F076FF0940070470E
:10A2A0006FF08500704710F1210F1FD00DDB10F10A
:10A2B000200F1ED010F1100F14BF6FF086006FF04A
:10A2C0009400704764380928CFD96FF08600704732
:10A2D000002070476FF0840070476FF0890070476E
:10A2E0006FF0930070476FF08C0070476FF088003C
:10A2F00070476FF09200704710B501380A449142E0
:10A3000000D110BD10F8013F11F8014B63400370FC
:10A31000F5E70144814200D1704711F8013D1A442C
:10A320000A70120AF6E707B501A9FBF707FF003824
:10A3300018BF012003B05DF804FB30B589B00546B5
:10A3400018220C4601A8002100F0A5F9012344EAD7
:10A35000052401A9BA2007940593FBF7A9FE00285C
:10A3600018BF6FF0920009B030BDF7B5BA2001A94F
:10A37000FBF7E4FE044610B1002003B0F0BD019DE0
:10A380002F0AEDB2AC4205D1BA20FBF7BDFE002882
:10A39000F2D008E0E6193046FBF7B6FE30B13046A1
:10A3A000FFF7C1FF10B96FF09200E6E70134E9E76B
:10A3B00008B5F820FFF7B7FF18B9F920FFF7B3FF8A
:10A3C00010B16FF0920008BDF820FBF78FFE002857
:10A3D000F7D1F920FBF78AFE0028F4D0F1E702223A
:10A3E00003689A607047C0F30B03482B4B6028BF8B
:10A3F000482310F4003F8B6008BF0023CB6010F4AB
:10A40000803308BFC1E9013300F47003B3F5700F66
:10A4100014BF00238B6800284FF0010C4FF0080296
:10A420008B60B8BF0023C1E905C2B8BFC1E90533DD
:10A430007047F7B506460D46202D2F46A8BF2027AA
:10A4400000216846FCF772FA044670B93A46314674
:10A450006846FCF7BDFA10F1520F044608D0431CC1
:10A46000F4D0684600F059F834B1204603B0F0BD8E
:10A47000684600F052F8E3E7EC1B3E44F5D0254671
:10A48000DAE738B5BFF35F8F4FF0A344E569BFF358
:10A490005F8FBFF35F8F10236363BFF35F8F012074
:10A4A00000F060F8BFF35F8F00236363BFF35F8F3B
:10A4B000BFF35F8FE36BBFF35F8F5B06F8D425B10B
:10A4C000BFF35F8FE561BFF35F8F38BD08B5FCF761
:10A4D00037F830B9BFF35F8F4FF0A343986ABFF3EB
:10A4E0005F8FBFF35F8F4FF0A342D36BBFF35F8FDC
:10A4F00010F0240F03F0230304D0FFF7C2FF6FF026
:10A500001F0008BD4FF0FF30002BFAD1BFF35F8F63
:10A510001063BFF35F8F1846F3E710B50378044666
:10A520001BB1FBF72DFD00232370002010BD4FF061
:10A53000FF324FF0FF33FAF7C5BCFAF735BD00F034
:10A540008DB807B54FF0FF334FF0FF32CDE9002350
:10A55000002200F090F803B05DF804FB00F087B82B
:10A5600000F081B8FFF772BD10B58B4294BFC418DC
:10A570004418A04200D110BD00F8012BF9E70023D8
:10A580001A4682B001908B4201D102B07047019807
:10A59000C2540133F7E72DE9F3470446DDE90A9891
:10A5A00015460E4659B302F0010AFBF783F8074639
:10A5B000EFF31181202383F31288BFF36F8FA80775
:10A5C00044BF0023A360A36803EA0600BAF1000FAA
:10A5D0000CD086420CD16A0744BF8343A36081F349
:10A5E0001188BFF36F8F02B0BDE8F0870028F2D169
:10A5F00059EA080305D181F31188BFF36F8F00205A
:10A60000F1E7C7E918652246CDE9009804F10C008E
:10A61000FAF7FEFE0028F2D1386EE4E710B50B68B9
:10A620000446D0E9180212F0010F03EA000301D03A
:10A63000984211D183B12366520748BF4A6804F19A
:10A64000180044BF1A434A60FFF778FD00232046F4
:10A65000C4F88030FFF7A1FC002010BD0023C0E942
:10A660000000836070474FF0FF32FCF719BA0A46CA
:10A670000021FCF715BA5200FFF78DBF0A44431EB4
:10A68000914200D1704710B511F8014B914203F887
:10A69000014FF9D110BD02440346934200D17047E7
:10A6A00003F8011BF9E70246014410B58A4213463C
:10A6B00003D01C780132002CF8D1181A10BD2DE9F6
:10A6C000F843C3F137090746884603F01F055FFAD0
:10A6D00089F91646384641462A460023F5F7DCFF3D
:10A6E0004346D4B23A4688460746092C84BF4C44B8
:10A6F000E4B2AA424FF0000204F13004934106F89C
:10A70000014BE7D23046BDE8F8832DE9F04F05183C
:10A7100089B0904641EB0104029304AB28462146E0
:10A720000093D2E9002300F0A7F806AB074689465C
:10A730002846214600930025D8E9022300F09CF822
:10A74000DDE90423841851EB0306069B28BF01258D
:10A75000D8E90012ED18079B43F10003791849EB83
:10A760000202B94272EB0902D8E9022134BF01208A
:10A770000020A21846EB01018018029A41F1000165
:10A78000A042A2F1410A71EB0602CDF800A034BF4D
:10A79000012200225219CDE9065343F1000300F0D3
:10A7A00082F8129BC3E90001D8E90221DDE90653D2
:10A7B000039114990129D8E900E027D1A21A03993D
:10A7C000CDF800A066EB0101774579EB000034BFBE
:10A7D00001200020101A61F10001844276EB010291
:10A7E00034BF01220022AA1A63F1000300F05BF8D3
:10A7F000139BC3E90001DDE9062320463146CDF86D
:10A8000000A000F050F809B0BDE8F08F17EB070B7F
:10A8100049EB090C14EB040846EB0601BB457CEB45
:10A82000090934BF0127002718EB070741F1000889
:10A83000F3457CEB000C34BF01200020381A68F18E
:10A840000001801A039A61EB02016D195B41A74276
:10A8500078EB060234BF01220022AD1843F1000359
:10A86000874278EB010834BF01220022AA1A029D18
:10A87000A5F140050095B7E7F0B500240D46064662
:10A880009446A0FB02012246059FE5FB0C12A4465C
:10A89000E5FB0324E3FB061C12EB0C0244F100046D
:10A8A000C7E90024F0BDF0B5059CC4F14007C4F130
:10A8B0002006A4F12005E04002FA06F6BB4022FA89
:10A8C00005F5BA403343C4F120062B4301FA06F6DE
:10A8D000A4F12005304321FA05F5E140284319434E
:10A8E0001043F0BD2DE9F0410446CE0FC1F30A55E7
:10A8F000C1F3130140F2FF70167154EA01076BD1E6
:10A90000002D71D12C462946002B156060DB0C2BE5
:10A9100060DCC3F10D050120AD0005F1FF3CA5F1A0
:10A920002107C5F1210600FA07F720FA06F600FA1A
:10A930000CF03743061847EB0708D6F1000E68EB1A
:10A94000480C013E48F1FF38264008EA0108B042B1
:10A9500077EB080810DBC5F12008B5F1200624FAD2
:10A9600005F501FA08F858BF41FA06F645EA080568
:10A9700058BF3543ED0703D52018044641EB0701C6
:10A9800004EA0E0401EA0C019DF8186018460D2532
:10A990000532C6F1270604F00F03240944EA0174C6
:10A9A000091163B9A8420DDA013DF4D21AE01DB9CC
:10A9B0000125A5F2FF35A7E741F48011F9E7092B3E
:10A9C000C8BF9B193033A8425355B8BF2846EBE7A0
:10A9D0000023D9E70D23D7E78542E8D146F00806E2
:10A9E00000201671BDE8F0818542E5D146F00406ED
:10A9F000F6E7D1E9043293421EBF5A1C0A6118706F
:10AA0000704710EE103A23F00040B0F1FF4F94BFB2
:10AA10000020012070470000C45CFF7F010000009F
:10AA20001933000000000000713D0000000000002C
:10AA300000000000BCAA000000000000F4AA000012
:10AA400000000000D8AA00000000000010AB0000C9
:10AA5000000000002CAB00001537000000000000D3
:10AA6000FD9800000000000000000000A0AA000007
:10AA7000191A000000000000F5320000000000007C
:10AA80000000000064AB00000000000048AB0000C4
:10AA90001199000000000000FD23000000000000EC
:10AAA000A0C90000ECB90000000000006C0200200A
:10AAB00000000000D394000000000000C9C900009D
:10AAC00010BA000044B400006E020020B00B002059
:10AAD0006934000000000000F0C9000034BA000032
:10AAE000F8B3000070020020040C00203939000087
:10AAF00000000000FCC9000048BA0000F8B30000E4
:10AB000072020020100C0020393900000000000003
:10AB100007CA00005CBA0000F8B30000740200200D
:10AB20001C0C0020393900000000000026CA00007B
:10AB30009CBA000060B400007A020020680C00207B
:10AB4000539800000000000012CA000070BA000014
:10AB50001CB4000076020020280C00200B97000097
:10AB6000000000001CCA000084BA000030B40000DD
:10AB7000780200200000000000000000000000003B
:10AB8000000000001F940000000000001F9400005F
:10AB9000000000001F940000000000001F9400004F
:10ABA000000000001F940000000000001F9400003F
:10ABB000000000001F940000000000001F9400002F
:10ABC000000000001F940000000000001F9400001F
:10ABD000000000001F940000000000001F9400000F
:10ABE000000000001F940000000000001F940000FF
:10ABF000000000001F940000000000001F940000EF
:10AC0000000000001F940000000000001F940000DE
:10AC1000000000001F940000000000001F940000CE
:10AC2000000000001F940000000000001F940000BE
:10AC3000000000001F940000000000001F940000AE
:10AC4000000000001F940000000000001F9400009E
:10AC5000000000001F940000000000001F9400008E
:10AC6000000000001F940000000000001F9400007E
:10AC7000000000001F940000000000001F9400006E
:10AC8000000000001F940000000000001F9400005E
:10AC9000000000001F940000000000001F9400004E
:10ACA000000000001F940000000000001F9400003E
:10ACB000000000001F940000000000001F9400002E
:10ACC000000000001F940000000000001F9400001E
:10ACD000000000001F940000000000001F9400000E
:10ACE000000000001F940000000000001F940000FE
:10ACF000000000001F940000000000001F940000EE
:10AD0000000000001F940000000000001F940000DD
:10AD1000000000001F940000000000001F940000CD
:10AD2000000000001F940000000000001F940000BD
:10AD3000000000001F940000000000001F940000AD
:10AD4000000000001F940000000000001F9400009D
:10AD5000000000001F940000000000001F9400008D
:10AD6000000000001F940000000000001F9400007D
:10AD7000000000001F940000000000001F9400006D
:10AD8000000000001F940000000000001F9400005D
:10AD9000000000001F940000000000001F9400004D
:10ADA000000000001F940000000000001F9400003D
:10ADB000000000001F940000000000001F9400002D
:10ADC00000000000B1640000000000001F940000BB
:10ADD000000000001F940000000000001F9400000D
:10ADE00048AB000037970000000000001F940000EF
:10ADF000000000001F940000000000001F940000ED
:10AE0000000000001F940000000000001F940000DC
:10AE1000000000001F940000000000001F940000CC
:10AE2000000000001F940000000000001F940000BC
:10AE3000000000001F940000000000001F940000AC
:10AE4000000000001F940000000000001F9400009C
:10AE5000000000001F940000000000001F9400008C
:10AE6000000000001F940000000000001F9400007C
:10AE7000000000001F940000000000001F9400006C
:10AE8000000000001F940000000000001F9400005C
:10AE9000000000001F940000000000001F9400004C
:10AEA000000000001F940000000000001F9400003C
:10AEB000000000001F940000000000001F9400002C
:10AEC000000000001F940000000000001F9400001C
:10AED000000000001F940000000000001F9400000C
:10AEE000000000001F940000000000001F940000FC
:10AEF000000000001F940000000000001F940000EC
:10AF0000000000001F940000000000001F940000DB
:10AF1000000000001F940000000000001F940000CB
:10AF2000000000001F940000000000001F940000BB
:10AF3000000000001F940000000000001F940000AB
:10AF4000000000001F940000000000001F9400009B
:10AF5000000000001F940000000000001F9400008B
:10AF6000000000001F940000000000001F9400007B
:10AF7000000000001F940000000000001F9400006B
:10AF8000000000001F940000000000001F9400005B
:10AF9000000000001F940000000000001F9400004B
:10AFA000000000001F940000000000001F9400003B
:10AFB000000000001F940000000000001F9400002B
:10AFC000000000001F940000000000001F9400001B
:10AFD000000000001F940000000000001F9400000B
:10AFE000000000001F940000000000001F940000FB
:10AFF000000000001F940000000000001F940000EB
:10B00000000000001F940000000000001F940000DA
:10B01000000000001F940000000000001F940000CA
:10B02000000000001F940000000000001F940000BA
:10B03000000000001F940000000000001F940000AA
:10B04000000000001F940000000000001F9400009A
:10B05000000000001F940000000000001F9400008A
:10B06000000000001F940000000000001F9400007A
:10B07000000000001F940000000000001F9400006A
:10B08000000000001F940000000000001F9400005A
:10B09000000000001F940000000000001F9400004A
:10B0A000000000001F940000000000001F9400003A
:10B0B000000000001F940000000000001F9400002A
:10B0C000000000001F940000000000001F9400001A
:10B0D000000000001F940000000000001F9400000A
:10B0E000000000001F940000000000001F940000FA
:10B0F000000000001F940000000000001F940000EA
:10B10000000000001F940000000000001F940000D9
:10B11000000000001F940000000000001F940000C9
:10B12000000000001F940000000000001F940000B9
:10B13000000000001F940000000000001F940000A9
:10B14000000000001F940000000000001F94000099
:10B15000000000001F940000000000001F94000089
:10B16000000000001F940000000000001F94000079
:10B17000000000001F940000000000001F94000069
:10B18000000000001F940000000000001F94000059
:10B19000000000001F940000000000001F94000049
:10B1A000000000001F940000000000001F94000039
:10B1B0002CAB0000F7970000000000001F94000077
:10B1C000000000001F940000000000001F94000019
:10B1D000000000001F940000000000001F94000009
:10B1E000000000001F940000000000001F940000F9
:10B1F000000000001F940000000000001F940000E9
:10B20000000000001F940000000000001F940000D8
:10B21000000000001F940000000000001F940000C8
:10B22000000000001F940000000000001F940000B8
:10B23000000000001F940000000000001F940000A8
:10B24000000000001F940000000000001F94000098
:10B25000000000001F9400008801002001970000FA
:10B26000000000001F940000000000001F94000078
:10B27000000000001F940000000000001F94000068
:10B28000000000001F940000000000001F94000058
:10B29000000000001F940000000000001F94000048
:10B2A000C94A00002F990000000000001F94000010
:10B2B000000000001F940000000000001F94000028
:10B2C000000000001F940000000000001F94000018
:10B2D000000000001F940000000000001F94000008
:10B2E000000000001F940000000000001F940000F8
:10B2F000000000001F940000000000001F940000E8
:10B30000000000001F940000000000001F940000D7
:10B31000000000001F940000000000001F940000C7
:10B32000000000001F940000000000001F940000B7
:10B33000000000001F940000000000001F940000A7
:10B34000000000001F940000000000001F94000097
:10B35000000000001F940000000000001F94000087
:10B36000000000001F940000000000001F94000077
:10B37000000000001F940000000000001F94000067
:10B38000000000001F940000000000001F94000057
:10B39000000000001F940000000000001F94000047
:10B3A000000000001F940000C39900002F990000C6
:10B3B000000000001F940000000000001F94000027
:10B3C000000000001F940000000000001F94000017
:10B3D000000000001F940000000000001F94000007
:10B3E000000000001F9400001001002001970000E1
:10B3F000000000001F940000653700006596000003
:10B4000071960000859600008F96000099960000C6
:10B4100081390000AD96000000000000000000002F
:10B420006F9700000000000005970000853A0000BB
:10B43000A7970000000000009D970000A197000062
:10B4400000000000C1340000D195000035960000D6
:10B45000000000006D9500000000000000000000EA
:10B460000F980000713C000001980000BEC9000068
:10B47000030000001CC3000003000000E2C900003C
:10B480000300000019CB000003000000DDC1000034
:10B490000300000040C300000300000044C300009C
:10B4A0000300000047C40000030000001AC90000A8
:10B4B00003000000AAC900000300000016CB000032
:10B4C0000300000071C20000030000009CC90000DE
:10B4D00003000000E2C10000030000002DC30000D3
:10B4E0000300000031CA0000030000009CB9000006
:0CB4F000F800002036C40000010000003D
:10B5000000A0105000820D50000405500000000003
:10B510000338FDD870470000000000000000000064
:10B520000338FDD870470000010000000000000053
:10B5300005000000000000001900000000000000ED
:10B540007D0000000000000071020000000000000B
:10B55000350C000000000000093D00000000000064
:10B560002D31010000000000E1F5050000000000A1
:10B5700065CD1D0000000000F902950000000000EC
:10B58000DD0EE90200000000514A8D0E00000000AF
:10B590009573C24800000000E941CC6B0100000037
:10B5A0008D49FD1A07000000C16FF28623000000DC
:10B5B000C52EBCA2B1000000D9E9AC2D7803000073
:10B5C0003D9160E45811000031D6E275BC56000090
:10B5D000F52E6E4DAEB10100C9EA268367780800EA
:10B5E000ED95C28F055A2A00A1EDCCCE1BC2D30027
:10B5F00025A4000A8BCA22040000000000000000FD
:10B60000000000000000001000000000000000002A
:10B61000B9340332B7F4AD1410DB1AB30892540EE8
:10B620000D307D951447BA1A66088F4D26ADC66D4C
:10B63000F598BF85E2B74511CA96853D92BD1DEBD1
:10B64000FCA11860DCEF52163C92AE220BB8C1B4DC
:10B65000839D2D5B0562DA1C304C7E8F4E8BB25B76
:10B6600016F4529F8B56A512FBD4827643ED8AF0D6
:10B670008FE7F9311565191850F19BD94A13EEB4CB
:10B68000284CF0A686C1251F035FC270CB9E4916C9
:10B69000E642889C44EB2014B0650836AD6EA58563
:10B6A00085F0CA14E2FD031A0B899979D5B13D09D9
:10B6B000D8DA973A35EBCF10AC363F5E73BB38CF54
:10B6C0003E6752FA44AFBA150100000000000000C6
:10B6D0000000000000000020345065C05FC9A65281
:10B6E000BB13CBAEC440C21806C8DF7100D5A87C1E
:10B6F000F56F0FDA58FC27136E4756357D24206509
:10B7000002C7E768E48CA41DE9E60268D7CD396179
:10B710007977FCC2405BEF16798CDE43FFA751F9C5
:10B7200091F3B278F5BDBE11E857E9D6E8BEE87BE3
:10B73000B054AC8F848D751BEA23A499E9F9D38B9F
:10B74000B7A3714061DA3E15CEE33ECB73F94808EA
:10B750008C97B427D51B7010A2BFEFB9EB853215BB
:10B760004DB44DB49BBB6F1996B6076CF8E7EEADC0
:10B7700036D9B4F59135AE13222218AF4E6A684D12
:10B7800091DAAA3D4F40741E9FBD9EE006A1C0986D
:10B7900057C2A7FDA40E90170E7D497173E3208F49
:10B7A000B220D87605143B12853D7434811343B022
:10B7B000AD297A5F27F4351C47C100000000010065
:10B7C00002000000E803000000000000000000008C
:10B7D000000000000000000052C100000100010054
:10B7E00002000000D0070000000000000000000080
:10B7F00000000000000000005EC100000100000029
:10B8000004000000D007000000000000000000005D
:10B8100000000000000000006BC1000001000100FA
:10B8200002000000640000000000000000000000B2
:10B83000000000000000000077C1000001000100CE
:10B840000200000000000000D0070000000000001F
:10B85000000000000000000083C1000002000100A1
:10B860000200000000000000E803000000000000EB
:10B87000000000004BDF020091C10000000000004A
:10B8800001000000D00700000000000000000000E0
:10B890000000000000000000A0C100000300000044
:10B8A00004000000E80300000000000000000000A9
:10B8B0000000000000000000B1C100000100000015
:10B8C00001000000FFFFFFFF00000000400D03002B
:10B8D000F01F000000000000BCC1000001000000DB
:10B8E00001000000FFFFFFFF0000000006DD020076
:10B8F000F01F000000000000C7C1000001000000B0
:10B9000001000000FFFFFFFF0000000007DD020054
:10B91000F01F000000000000D2C100000100000084
:10B9200001000000FFFFFFFF0000000010DD02002B
:10B93000F01F0000000000001004002000010000C3
:10B940008B91000035910000020000001B93000065
:10B9500000000000000000000000000000000000E7
:10B9600016C400001EC4000000000000000000001B
:10B970000000000026C400002AC400002EC40000FD
:10B9800032C400008CB90000500B0020CD23000011
:10B99000680B00203A90002001000000DB930000BB
:10B9A000D19300009F9300009393000000000000DB
:10B9B00087930000000000006000002000000000ED
:10B9C0000600010002000000CCB9000000000000E9
:10B9D0008DC9000006000000E04F160000000020A6
:10B9E00095C9000021000000E07F022000C0045043
:10B9F00000800220010000000050160000800100BD
:10BA00002000000025340000F53300000000000095
:10BA100071350000F1340000D6C9000061960000C5
:10BA20005D960000DCC9000000A0105000820D509F
:10BA3000000405507F00000000A0105010010020FD
:10BA40000000000000000000FFFF010000820D5018
:10BA5000880100200000000001000000FF07000036
:10BA6000000405500000000000000000020000007B
:10BA700000C004504C000000000010000100000055
:10BA80002197000000C0045000007F000700000064
:10BA900000A0105000820D500004055000600C50B2
:10BAA0000000000000000000C8BA000000C2010051
:10BAB0000000D6010000000000000040001000005F
:10BAC0003D9000203C90002000600C50D4BA000053
:10BAD00001000000DCBA00000400000024000000A7
:10BAE00026000002250600012706000300A01050D2
:10BAF00000820D5000040550080000000200000004
:10BB00000400000001000000C7CA0000D5CA000000
:10BB1000E9CA0000F8CA000004CB000020AA000017
:10BB200030AA000060AA000068AA000098AA0000DD
:10BB3000A0AA000097A60000000101000002020078
:10BB40000014000000280000004000000100000078
:10BB500002000000000000000000000000000000E3
:10BB60000000000000000040955969595555545592
:10BB70001555555604051541105455404551554429
:10BB800040455044505555450040004040044496BF
:10BB900065555655454045545141154055915555AB
:10BBA0005555405105010000544554544555050470
:10BBB00000100410140440000000014055551541C8
:10BBC0005404000044000100000000404100004413
:10BBD000504445505400555554556551004000405F
:10BBE0000100000100050100115451515455550543
:10BBF0000015415000000440100104050000000041
:10BC0000000FC93F000F494000CB9640000FC940CC
:10BC10000053FB4000CB164100ED2F41000F49417E
:10BC20000031624100537B41003A8A4100CB96418A
:10BC3000005CA34100EDAF41007EBC41000FC94153
:10BC400000A0D5410031E24100C2EE410053FB416A
:10BC500000F20342003A0A420083104200CB16422F
:10BC600000141D42005C234200A5294200ED2F4232
:10BC700000363642007E3C4200C74242000F494235
:10BC8000A2000000F9000000830000006E00000028
:10BC90004E000000440000001500000029000000D4
:10BCA000FC0000002700000057000000D100000049
:10BCB000F500000034000000DD000000C0000000BE
:10BCC000DB00000062000000950000009900000009
:10BCD0003C00000043000000900000004100000014
:10BCE000FE0000005100000063000000AB000000F7
:10BCF000DE000000BB000000C50000006100000085
:10BD0000B7000000240000006E0000003A000000B0
:10BD1000420000004D000000D2000000E0000000E2
:10BD200006000000490000002E000000EA000000AC
:10BD300009000000D1000000920000001C0000007B
:10BD4000FE0000001D000000EB0000001C000000D1
:10BD5000B100000029000000A70000003E00000024
:10BD6000E80000008200000035000000F50000003F
:10BD70002E000000BB000000440000008400000012
:10BD8000E90000009C000000700000002600000098
:10BD9000B40000005F0000007E00000041000000D1
:10BDA0003900000091000000D600000039000000BA
:10BDB000830000005300000039000000F400000080
:10BDC0009C000000840000005F0000008B00000069
:10BDD000BD000000F9000000280000003B0000004A
:10BDE0001F000000F800000097000000FF000000A6
:10BDF000DE00000005000000980000000F000000B9
:10BE0000EF0000002F000000110000008B00000078
:10BE10005A0000000A0000006D0000001F00000032
:10BE20006D000000360000007E000000CF00000022
:10BE300027000000CB00000009000000B700000050
:10BE40004F000000460000003F00000066000000B8
:10BE50009E0000005F000000EA0000002D000000CE
:10BE60007500000027000000BA000000C7000000B5
:10BE7000EB000000E5000000F10000007B00000086
:10BE80003D0000000700000039000000F70000003E
:10BE90008A0000005200000092000000EA0000004A
:10BEA0006B000000FB0000005F000000B10000001C
:10BEB0001F0000008D0000005D0000000800000071
:10BEC00056000000030000003000000046000000A3
:10BED000FC0000007B0000006B000000AB000000D5
:10BEE000F0000000CF000000BC00000020000000B7
:10BEF0009A000000F4000000360000001D00000061
:10BF0000A9000000E30000009100000061000000B3
:10BF10005E000000E60000001B00000008000000BA
:10BF20006500000099000000850000005F0000002F
:10BF300014000000A00000006800000040000000A5
:10BF40008D000000FF000000D8000000800000000D
:10BF50004D000000730000002700000031000000C9
:10BF6000060000000600000015000000560000005A
:10BF7000CA00000073000000A8000000C900000013
:10BF800060000000E20000007B000000C000000034
:10BF90008C0000006B0000000000C93F0000F03979
:10BFA0000000DA370000A2330000842E0000502B7E
:10BFB0000000C2270000D0220000C41F0000C61BE2
:10BFC0000000441704000000070000000900000002
:10BFD000666C70725F7370776D206F6E2025732CA6
:10BFE000207370776D5F73686D20307825303878F6
:10BFF0002C2025752062756666657220776F7264E5
:10C0000073006E726635346C3135646B2F6E7266F8
:10C0100035346C31352F6370756170700025733A5B
:10C0200020726574756E6520636F6D70696C652034
:10C030006661696C65642028657272202564290038
:10C0400025733A20636F6D70696C65206661696C59
:10C0500065642028657272202564290025733A20C2
:10C06000706C616E204D202575204C202575207444
:10C0700069636B732C20662025752E25303375205F
:10C08000487A0025733A207370776D5F737461721C
:10C0900074206661696C656420286572722025646D
:10C0A000290025733A207370776D5F726574756E21
:10C0B00065206661696C656420286572722025645C
:10C0C000290025733A207370776D5F73746F702049
:10C0D0006661696C65642028657272202564290098
:10C0E00025733A206E6F20444F4E452C20737461A7
:10C0F00074652025750025733A20256420776F72BA
:10C1000064732C20636E74746F702025752C206C02
:10C110006F6F705F636E742025752C206C6F6F706D
:10C12000735F646F6E652025752C20737461746570
:10C130002025752C2053544152542D3E444F4E45DA
:10C140002025752075730062325F616C745F363430
:10C150004D0062335F73696E655F36344D00623344
:10C160005F73696E655F3132384D0062345F6E31E6
:10C1700030305F36344D0062345F73746F705F36F9
:10C18000344D0062365F726574756E655F36344D8E
:10C190000062325F616C745F3132384D5F64310030
:10C1A00062385F6D696E70756C73655F3132384DE2
:10C1B0000062375F663230303030300062375F66A1
:10C1C0003138373635340062375F663138373635C7
:10C1D000350062375F6631383736363400666C704A
:10C1E000725F7370776D004846584F2073746172A8
:10C1F00074206661696C656420286572722025640C
:10C2000029006D61726B657220636F6E6669677578
:10C210007265206661696C656420286572722025EC
:10C220006429006D626F785F726567697374657207
:10C230005F63616C6C6261636B5F647420666169EB
:10C240006C6564202865727220256429006D626F18
:10C25000785F7365745F656E61626C65645F64745A
:10C26000206661696C6564202865727220256429E6
:10C27000006F735F686561700028756E7369676E23
:10C280006564292063686172202A207573656420C3
:10C29000666F722025257020617267756D656E74FA
:10C2A0002E2049742773207265636F6D6D656E640F
:10C2B000656420746F206361737420697420746FE7
:10C2C00020766F6964202A2062656361757365203A
:10C2D0006974206D6179206361757365206D697380
:10C2E0006265686176696F7220696E206365727439
:10C2F00061696E20636F6E66696775726174696FDC
:10C300006E732E20537472696E673A222573222051
:10C31000617267756D656E743A2564006362707250
:10C32000696E74665F7061636B61676500737973D2
:10C330005F6765746F7074006C6F6767696E670024
:10C340006C6F67006C6F675F6D676D74004D657330
:10C3500073616765202822257322292064726F701B
:10C36000706564206265636175736520697420651A
:10C370007863656564732073697A65206C696D699B
:10C38000746174696F6E2028257529004D6573737B
:10C390006167652064726F707065642062656361B7
:10C3A00075736520697420657863656564732073AF
:10C3B000697A65206C696D69746174696F6E202893
:10C3C000257529000D0A001B5B306D0025732000C8
:10C3D0005B2530386C755D20005B253032753A2561
:10C3E0003032753A253032752E253033752C253094
:10C3F00033755D20002573003C25733E20002573B6
:10C400002F0025733A20002530327820002020208C
:10C41000007C002563001B5B313B33316D001B5BEF
:10C42000313B33336D006572720077726E00696E56
:10C430006600646267006C6F675F6261636B656E64
:10C44000645F75617274006C6F675F756172740010
:10C450002A2A2A20426F6F74696E67206E52462026
:10C46000436F6E6E6563742053444B2076332E34D5
:10C470002E302D3939353533303535363037622069
:10C480002A2A2A0A002A2A2A205573696E67205A06
:10C490006570687972204F532076342E342E302DFB
:10C4A000626638303165346533643139202A2A2A8E
:10C4B0000A0072302F61313A2020307825303878E8
:10C4C000202072312F61323A2020307825303878A0
:10C4D000202072322F61333A20203078253038788E
:10C4E0000072332F61343A2020307825303878209C
:10C4F0007231322F69703A20203078253038782018
:10C500007231342F6C723A20203078253038780020
:10C5100020787073723A2020307825303878007394
:10C520005B2532645D3A2020307825303878202031
:10C53000735B2532645D3A202030782530387820CE
:10C5400020735B2532645D3A2020307825303878BE
:10C550002020735B2532645D3A2020307825303806
:10C56000780066707363723A20203078253038780E
:10C57000004661756C74696E6720696E73747275BC
:10C580006374696F6E2061646472657373202872CE
:10C5900031352F7063293A203078253038780055AE
:10C5A0006E68616E646C6564204952516E3A202554
:10C5B00064002A2A2A2A2A20555341474520464109
:10C5C000554C54202A2A2A2A2A00202044697669B8
:10C5D00073696F6E206279207A65726F0020205532
:10C5E0006E616C69676E6564206D656D6F72792030
:10C5F000616363657373002020537461636B206F04
:10C60000766572666C6F772028636F6E74657874D8
:10C610002061726561206E6F742076616C69642997
:10C620000020204E6F20636F70726F636573736FAD
:10C630007220696E737472756374696F6E73002013
:10C6400020496C6C6567616C206C6F6164206F665B
:10C65000204558435F52455455524E20696E746FC1
:10C66000205043002020496C6C6567616C20757315
:10C6700065206F6620746865204550535200202065
:10C68000417474656D707420746F2065786563758E
:10C69000746520756E646566696E656420696E7385
:10C6A0007472756374696F6E002A2A2A2A2A204DD3
:10C6B0005055204641554C54202A2A2A2A2A002027
:10C6C00020537461636B696E67206572726F7220AC
:10C6D00028636F6E746578742061726561206D697E
:10C6E000676874206265206E6F742076616C69647F
:10C6F00029002020556E737461636B696E67206535
:10C7000072726F720020204461746120416363651E
:10C7100073732056696F6C6174696F6E0020204DD1
:10C720004D46415220416464726573733A203078FB
:10C730002578002020496E737472756374696F6E7A
:10C74000204163636573732056696F6C6174696F10
:10C750006E002020466C6F6174696E672D706F6982
:10C760006E74206C617A79207374617465207072C4
:10C7700065736572766174696F6E206572726F722F
:10C78000002A2A2A2A2A20425553204641554C5431
:10C79000202A2A2A2A2A002020537461636B696E9A
:10C7A00067206572726F7200202050726563697332
:10C7B00065206461746120627573206572726F72A6
:10C7C0000020204246415220416464726573733AEE
:10C7D0002030782578002020496D70726563697378
:10C7E00065206461746120627573206572726F7276
:10C7F000002020496E737472756374696F6E2062D5
:10C800007573206572726F7200526573657276651A
:10C810006420457863657074696F6E2028005370DA
:10C820007572696F757320696E7465727275707454
:10C8300020284952512000535053454C20696E2006
:10C84000746872656164206D6F646520646F6573E0
:10C85000206E6F7420696E64696361746520505343
:10C8600050002A2A2A2A2A2048415244204641556B
:10C870004C54202A2A2A2A2A002020427573206636
:10C8800061756C74206F6E20766563746F722074AE
:10C8900061626C6520726561640020204465627588
:10C8A00067206576656E740020204661756C742083
:10C8B000657363616C6174696F6E202873656520B0
:10C8C00062656C6F772900415243485F4558434584
:10C8D0005054207769746820726561736F6E2025EB
:10C8E000780A002A2A2A2A2A204465627567206D60
:10C8F0006F6E69746F7220657863657074696F6EAE
:10C90000202A2A2A2A2A002A2A2A2A2A202573208B
:10C91000256429202A2A2A2A2A006D70750046617A
:10C92000696C656420746F20616C6C6F6361746501
:10C93000206E6577204D505520726567696F6E20B7
:10C9400025750A00506172746974696F6E202575CF
:10C950003A20636F686572656E636520636865631E
:10C960006B206661696C65642E00496E76616C6946
:10C970006420756E6465726C79696E672072656794
:10C98000696F6E20696E64657820257500464C419C
:10C9900053485F30005352414D5F3000736F630066
:10C9A000767072403463303030006E6F7264696349
:10C9B0005F7670725F6C61756E636865720063614B
:10C9C0006368655F6E72667800636C6F636B40319D
:10C9D0003065303030006866636C6B006C66636C89
:10C9E0006B00636C6F636B5F636F6E74726F6C0070
:10C9F0006770696F40313061303030006770696F47
:10CA0000406438323030006770696F403530343000
:10CA100030006D61696C626F784031006D61696CE6
:10CA2000626F784030007561727440633630303028
:10CA300000756172745F6E7266785F75617274659D
:10CA40000048616C74696E672073797374656D005A
:10CA5000556E6B6E6F776E206572726F7200756EB9
:10CA60006B6E6F776E003E3E3E205A4550485952DD
:10CA700020464154414C204552524F522025643AA1
:10CA8000202573206F6E2043505520256400466199
:10CA9000756C7420647572696E6720696E74657256
:10CAA000727570742068616E646C696E670A004309
:10CAB000757272656E74207468726561643A2025BF
:10CAC00070202825732900435055206578636570D0
:10CAD00074696F6E00556E68616E646C6564206980
:10CAE0006E7465727275707400537461636B206F3D
:10CAF000766572666C6F77004B65726E656C206F41
:10CB00006F7073004B65726E656C2070616E696347
:10CB1000006D61696E006F730063726163656E0022
:10CB20006E616E00286E756C6C2900206D657373E4
:10CB3000616765732064726F70706564202D2D2DA0
:10CB40000D0A1B5B306D001B5B313B33316D2D2DAE
:10CB50002D200000010405020608090F0007182314
:10CB6000232323232323232323232323000102001E
:10CB7000000000006700000000000000000000004E
:10CB800000000000000000000000000000000000A5
:10CB90000000000000000000000000000000000095
:10CBA0000000000000000000000000000000000085
:10CBB0000000000000000000000000000000000075
:10CBC0000000000000000000000000000000000065
:10CBD0000000000000000000000000000000000055
:10CBE0000000000000000000000000000000000045
:10CBF0000000000000000000000000000000000035
:10CC0000A58A00005591000084B9000000000000D2
:10CC100000000000C99400000000000000000000B7
:10CC200000C01050000000000000000000000000E4
:10CC300000000000000000000000000000000000F4
:10CC400000000000000000000000000000000000E4
:10CC500000000000000000000000000000000000D4
:10CC600000000000000000000000000000000000C4
:10CC700000000000000000000000000000000000B4
:10CC800000000000000000000000000000000000A4
:10CC9000000000000001000000A00D500000000096
:10CCA0000000000000000000000000000000000084
:10CCB0000000000000000000000000000000000074
:10CCC0000000000000000000000000000000000064
:10CCD0000000000000000000000000000000000054
:10CCE0000000000000000000000000000000000044
:10CCF0000000000000000000000000000000000034
:10CD00000000000000000000000000000000000023
:10CD1000253D000000000000FF0000000090D0034F
:10CD2000FF0000000F000000710200001C02002044
:10CD30001C02002024020020240200200000000029
:10CD4000000000000E000000000000003C02002077
:10CD50003C02002000000000000000000E00000067
:10CD60000000000067742000B8020020CC02002000
:10CD70002003002014030020E00200200000000037
:10CD800000000000000000000000000000000000A3
:10CD90000000000000000000000000000000000093
:10CDA0000000000000000000000000000000000083
:10CDB0000000000000000000000000000000000073
:10CDC0000000000000000000B8020020B8020020AF
:10CDD00000000000000000000E000000CC02002057
:10CDE000CC02002000000000000000000E00000047
:10CDF000E0020020E002002000000000000000002F
:10CE00000E000000F4020020F402002000000000E8
:10CE100001000000040300200403002000000000C3
:10CE20000100000014030020140300200000000093
:10CE300020030020200300200000000015E015E082
:020000040016E4
:10500000973100009381015CEF10E02297020000CD
:10501000938242579382320073905230970200007D
:105020009382420E7390723091AB0000000000003A
:105030000000000000000000000000000000000070
:105040000000000000000000000000000000000060
:105050000000000000000000000000000000000050
:105060000000000000000000000000000000000040
:105070000000000000000000000000000000000030
:105080000000000000000000000000000000000020
:105090000000000000000000000000000000000010
:1050A0000000000000000000000000000000000000
:1050B00000000000000000000000000000000000F0
:1050C00000000000000000000000000000000000E0
:1050D00000000000000000000000000000000000D0
:1050E00000000000000000000000000000000000C0
:1050F00000000000000000000000000000000000B0
:105100008085022080850220808502208085022003
:1051100080850220808502208085022080850220F3
:1051200080850220808502208085022080850220E3
:1051300080850220808502208085022080850220D3
:1051400080850220808502208085022080850220C3
:1051500080850220808502208085022080850220B3
:1051600080850220808502208085022080850220A3
:105170008085022080850220808502208085022093
:105180008085022080850220808502208085022083
:105190008085022080850220808502208085022073
:1051A0008085022080850220808502208085022063
:1051B0008085022080850220808502208085022053
:1051C0008085022080850220808502208085022043
:1051D0008085022080850220808502208085022033
:1051E0008085022080850220808502208085022023
:1051F0008085022080850220808502208085022013
:105200008085022080850220808502208085022002
:1052100080850220808502208085022080850220F2
:1052200080850220808502208085022080850220E2
:1052300080850220808502208085022080850220D2
:1052400080850220808502208085022080850220C2
:1052500080850220808502208085022080850220B2
:1052600080850220808502208085022080850220A2
:105270008085022080850220808502208085022092
:105280008085022080850220808502208085022082
:105290008085022080850220808502208085022072
:1052A0008085022080850220808502208085022062
:1052B0008085022080850220808502208085022052
:1052C0008085022080850220808502208085022042
:1052D0008085022080850220808502208085022032
:1052E0008085022080850220808502208085022022
:1052F0008085022080850220808502208085022012
:105300008085022080850220808502208085022001
:1053100080850220808502208085022080850220F1
:1053200080850220808502208085022080850220E1
:1053300080850220808502208085022080850220D1
:1053400080850220808502208085022080850220C1
:1053500080850220808502208085022080850220B1
:1053600080850220808502208085022080850220A1
:105370008085022080850220808502208085022091
:105380008085022080850220808502208085022081
:105390008085022080850220808502208085022071
:1053A0008085022080850220808502208085022061
:1053B0008085022080850220808502208085022051
:1053C0008085022080850220808502208085022041
:1053D0008085022080850220808502208085022031
:1053E0008085022080850220808502208085022021
:1053F0008085022080850220808502208085022011
:105400008085022080850220808502208085022000
:1054100080850220808502208085022080850220F0
:1054200080850220808502208085022080850220E0
:1054300080850220808502208085022080850220D0
:1054400080850220808502208085022080850220C0
:1054500080850220808502208085022080850220B0
:1054600080850220808502208085022080850220A0
:105470008085022080850220808502208085022090
:105480008085022080850220808502208085022080
:105490008085022080850220808502208085022070
:1054A0008085022080850220808502208085022060
:1054B0008085022080850220808502208085022050
:1054C0008085022080850220808502208085022040
:1054D0008085022080850220808502208085022030
:1054E0008085022080850220808502208085022020
:1054F0008085022080850220808502208085022010
:1055000080850220808502208085022080850220FF
:1055100080850220808502208085022080850220EF
:1055200080850220808502208085022080850220DF
:1055300080850220808502208085022080850220CF
:1055400080850220808502208085022080850220BF
:1055500080850220808502208085022080850220AF
:10556000808502208085022080850220808502209F
:105570008085022080850220808502203124000061
:1055800073900234F322203493D2F2016391020229
:10559000F3120034130181FB16D61AD41ED2AAC20C
:1055A000AEC032DE36DC3ADA3ED806D011A00111A8
:1055B00013038100B64293F212002322530022C04B
:1055C0001384818FF322103496C6F32300301EC259
:1055D0002800EF002012F322203463C80204856300
:1055E000FD13B3F272002D43638E62000A854111F0
:1055F0008322050016C426C623282500EF00C06EAE
:105600004101ADA8B642910296C6B252638402002F
:105610000D4511A016458A85411183A2050016C4C7
:1056200026C623A825005D2391A803230400930325
:10563000130023207400631703008A8203214400AF
:10564000411116C0732520348562FD123375550053
:10565000EF00C00B972200009382C28A0E05AA9227
:1056600003A5020003A34200E70003008323040014
:10567000FD13232074006393030002412800EF0010
:105680002008B64292437390123473900330024460
:1056900013038100832243003643B36353009EC645
:1056A000F322203493D2F201639F0200B2522253BC
:1056B0009253164586457256E2565257C25782504B
:1056C0001301810411A00561730020300000000067
:1056D00000000000000000000000000000000000CA
:1056E00000000000000000000000000000000000BA
:1056F00000000000F3227034232055008280000057
:0E570000832205007390723482800000828044
:10571000C1676376F5029337051093B717008E07BC
:1057200037B70220930600029D8E3355F50093078C
:105730008782AA9703C507003385A6408280370772
:105740000001E147E37EE5FCC147D9BFB307A040B4
:105750007D8DC1676373F5029337051093B717000A
:105760008E0737B702203355F500130787822A9733
:1057700003450700FD173E95828037070001E1478A
:10578000E371E5FEC147F1BF732540F18142630338
:10579000550011A8172100001301C174856293827E
:1057A00002801691B12B09A073005010F5BF0000C4
:1057B000828005472380E18482808280511106C463
:1057C00022C226C0735000BC73D011BCB70705506D
:1057D00093870748D843B7F6FCFF9386060F758F6B
:1057E00013673750D8C3984737060010B7A4022074
:1057F000758F1367375098C7D843B7060090FD16CA
:10580000758F518FD8C39847758F518F98C79387DD
:10581000C4EB80475C40638F071C378602208146BB
:105820001306267BC1451385C4EB82976316051CBE
:105830001C486381071C0546C1451385C4EB82974C
:10584000631C051A5C406387071A3786022081466D
:105850001306A67BC5451385C4EB8297631E051806
:105860001C48638907180546C5451385C4EB829714
:10587000631405187375043003C7018419E3B52553
:10588000D5BF23800184B7870320944309476386EB
:10589000E602054798C71147D8C321897320053010
:1058A00037A50220930705EA9C479C43E1D70146B0
:1058B000D145130505EA829775BFD4478C4B130673
:1058C000F003637AD60213F7360015E78DC521671A
:1058D000158F09836361B702D84B15C3D84B944F1A
:1058E000637BE6009377370099E791C6A167998FAC
:1058F000898363F6D700B7870320094761BF3787DD
:1059000003202324070023240702232607028947B4
:105910005CC35C470C4B0323C701BA971853735001
:10592000017DF326307D4176F18E13160701418209
:10593000D18E7390367D735030BCB7060200890655
:10594000739036BE73D0E7BC89669386F620739059
:10595000B6BC9396250083A30700BE9693824700AA
:10596000739043BC11E20547420741837310577D92
:105970000546378703204057B303C34093B3130052
:1059800015C01304F6FF00D7405333348000B3E34F
:105990008300404B11C45C4B0C4F232A0700BA977D
:1059A00023260702639FD200639503029396250086
:1059B00083A307000506BE9693824700739043BCFD
:1059C0005DBF1384420083A20200739042BCA28296
:1059D000D1BF735040BC735040BC7350007D7350B6
:1059E000507D735030BE735000BCB787032090D7F2
:1059F0000D475DB5130580FAA2401244824431017F
:105A000082808E052E9503552500058182805111D7
:105A100006C422C226C02A84AE84E537D539FD47A4
:105A20003385A74013172500229703230701939777
:105A3000340093854700939604019907A295A29795
:105A4000C1826312030205463315A6005044498EF5
:105A500050C404CB2390D5002390D700A240124419
:105A600082443101828013173300110722970356B5
:105A700007002390C5000E0623906700329423137D
:105A8000D4002310D700D9BF3111711622C6138458
:105A90007500B295619813F785FF06C826C4B30751
:105AA00087408D8300C11CC43E85232604003AC272
:105AB0003EC093044002A939898C13060002098E66
:105AC0008A040A068145130504019D04EF1040383D
:105AD0008D80939504018247C1819396150093E6CA
:105AE00016002311D400B3869740C20612471396BE
:105AF0003400C1822310040022961395160023114E
:105B0000A6002310B60013953700231107002310B9
:105B1000D700229583572500A68593E71700231108
:105B2000F50022853244C240A2445101CDB5014561
:105B30008280B7B7022083A7C7DA8287211106CAFD
:105B40002E86894702C22302F100B797022093876D
:105B500027B3AA850A8502C002C602C83EC4EF0068
:105B6000F058D2406101828011112EC42C0006C26F
:105B700032C636C83ACA3ECC2EC0C93792407101EF
:105B8000828082808DAE49A649AE37B50220711160
:105B90001305859206C0C93F37B502201305059647
:105BA000E13782400145110182806F10602A37B5CC
:105BB0000220130685DC938781913386C740814597
:105BC000130585DCDDB7130505058280311122C67A
:105BD00006C826C42AC02E84F3252034B7B4022078
:105BE000D205D181138504992EC2BD3F9245C1468D
:105BF000B7B70220368763E3B6002E870A0793877C
:105C000087C5BA97904337B5022013054599A93F38
:105C1000F325303437B502201305859AB137814713
:105C20006309040A50546C4037B502201305859B64
:105C3000253F10542C4037B502201305859D2D3784
:105C400050504C5C37B502201305859F313F0C5CEA
:105C500037B50220130585A1013F4C5837B5022006
:105C6000130585A211370C5837B50220130585A3FB
:105C7000E53D37B5022093050405130585A4ED35F0
:105C80000C5037B50220130585A5F93D6C4437B596
:105C90000220130585A6C93D4C4037B502201305E7
:105CA00085A7D93513850499C1351C489DC38C47F8
:105CB00037B50220130585A83EC27D35924737B51A
:105CC0000220130585A9CC47453513850499693D04
:105CD00092472285BE85412AA28532440245C240B0
:105CE000A24451016F00B0057111AA85014506C09B
:105CF000F13D711106C0F327203481450545F93582
:105D0000711106C06D35EF00300D9387818F1387B9
:105D1000011223880700D8C3A14773A007309387D7
:105D200001523E81E7000500F377043001A093772C
:105D300035008DEB83C70501858B95C3B7B702206E
:105D40000567938707EE130707803E97419BB3379C
:105D5000F50093B717003335E5007D8D8280FC4553
:105D6000B849E5B701458280130141FD06D422D22E
:105D700026D02AC22EC432C636C03AC88DCE368549
:105D800099350247AA8778470144814426CC3E854D
:105D9000BE843ECA0246B245C2473ACE829711C57A
:105DA000D24762437247636AF302A250125482548C
:105DB0001301C10282803E8781CB9387818F9C47EC
:105DC000938707036318F700379702208A87130722
:105DD00087D65DBF1C43584345BF37860220130654
:105DE00006716361C70237A60220130606E6637BCD
:105DF000C7003E863ECA22459247BA85829755D54E
:105E0000D2470504985313864700A147E30FF4F8DF
:105E1000B287ADBF711106C0AE860C411387150065
:105E200018C137B50220130505C13D3B8240054529
:105E300011018280937635002A8785E681C583A784
:105E4000818F99CFB7B70220938707EE0145636B27
:105E5000F700856693860680B6973335F700828013
:105E6000F9B50145828041112AC237B502201305D8
:105E700005C306C62EC002C4C5391386818F82476A
:105E8000924610463797022037950220130747E3C2
:105E90002C00130545E1C93D37B5022013050599CE
:105EA000E131B2404101828093857152E199378698
:105EB000032071111385018B0D8E06C0F1368240CF
:105EC000014511018280B7B702203727A10723A817
:105ED000E7DA01458280F327007C37077D5005070C
:105EE000D98F7390077C01458280730050102189FF
:105EF000732005308280B71700F00A053E951C41DB
:105F000093E707101CC18280B71700F00A053E9581
:105F10001C4193F7F7EF1CC182808D47014763E571
:105F2000B7009A051387F503B71700F00A053E95E9
:105F30001C416207A207A183D98F1CC18280014541
:105F4000828005458280D14729556392F502130569
:105F500060F811EEB707100073A0277EF327207EAC
:105F60001397B700E35C07FE7350207E01458280E3
:105F7000834505008547B397B70073B0077E9387C5
:105F800005FF93F7F70F1387C18B93962700BA96F7
:105F900003A30600630C030091078A073E9750474E
:105FA00037A5022081461305C5EB028382801D457B
:105FB0008280D947295563EDB706B7077F00B3D76D
:105FC000B700858BB5C7711106C01387C18B03233A
:105FD0008703938605FF93F6F60FB357B300858BBF
:105FE000130580F805C685E38547B397B700B3E787
:105FF00067001CDFB7B7022093870782B69703C5F7
:10600000070049360145824011018280EDDF854756
:10601000B397B70093C7F7FFB3F767001CDFB7B7B5
:10602000022093870782B69703C50700A93ED9BF10
:106030008280711106C0FD5773B0077E0146854509
:10604000414599360146854545453D3E01468545D4
:1060500049451D3E014685454D453D360146854530
:1060600051451D36014685455545393E5945014640
:106070008545193E8240014511018280D947295545
:1060800063E6B702B7077F00B3D7B700858B99CF18
:10609000C11593F5F50F1397250091059387C18BD3
:1060A0008A053E97AE9710C3D4C70145828001454B
:1060B000828003A7818203A3C1823385E540B3B206
:1060C000A500B3076640B3875740EE0715815D8D85
:1060D000931755003E979352B501B337F7001693C7
:1060E0009A9723A6F182B7B7022023A4E18223A8BE
:1060F000B7DC23AAC1808146014723A0D18223A215
:10610000E182F375043059A371111305200E014685
:10611000854506C0953C0145112C634B050437B5F8
:106120000220130585DA09246344050445220199F8
:1061300023A4A18223A6B182B7B7022023A4A7DC9F
:1061400023A6B7DC7D56B7B70220FD5623A8C7DCCF
:1061500023AAD180B7B7022003C587DAB7950220FA
:1061600001469385250B7922614723ACE1820145E5
:10617000824011018280711122C0B7B5022003A7AD
:10618000818103A305DDAA86B7B7022003C587DA9C
:106190001396560083A7C1816319E30283A5418149
:1061A0006395F502B705000463F1B602B28511E20A
:1061B00085452E97B336B700B69723ACE18023AE62
:1061C000F18002440546110191AC83A2818203A3B0
:1061D000018283A5C18283A341821693B332530007
:1061E0009E9593D3F6419603ED82AE92B3E376008B
:1061F000B305660033B6C50096931E9623ACB180F6
:1062000023AEC18063E6C7006313F6026371B70271
:106210003303674033376700B3875740998F85460C
:106220006347F00091E79307700C63F367008146C2
:1062300002441101B5A28280AA87014582874111DB
:1062400026C206C622C4AA848C409DC52E852EC0B7
:106250007D44EFF0EFCB098C05468245331686006E
:106260001346F6FF6D8E2685D52179DDB240228555
:1062700022449244410182805154CDBF311106C85D
:1062800022C626C42AC02EC2F374043037B40220BA
:10629000130484D4924754404800F58F3EC24537DA
:1062A000634E050054408547B397A700024793C744
:1062B000F7FFF58F5CC02300A7000145A18873A0FC
:1062C0000430C2403244A24451018280F37704304A
:1062D00037270E50B7060040032507720F00A00AAB
:1062E000832547720F00A00AE3F8D5FEA18B73A0A7
:1062F00007308280B7B70220938787D43387A700FF
:1063000003470703B1463307D702BA97CCC790CBF0
:10631000238AA7008547B397A70037270E5023226B
:10632000F7300F0050058280FD5589BF611122C0F2
:1063300037B4022006C2930784D49C43130580F827
:10634000A1EF130484D40D47230AE4000546114746
:10635000B7260E50A30904022300E402230AC40254
:10636000938606109305000313D727003317E60022
:10637000618B09C73387D700232007009107E39576
:10638000B7FE0F0050051305200EEFF0AFFF0F0012
:10639000500585471CC0014592400244210182807E
:1063A000B7B702204111938787D426C206C622C4FC
:1063B0003387A70003470703AE8421070E07BA9768
:1063C0008CC3D0C3B7250E5093174500AE97131753
:1063D000C600318323A0975223A2E7528DCA0F0033
:1063E00050050F00A00A13142500130404102E9466
:1063F0001C400F00A00A91CF32C0C93D024663E69F
:10640000C5006318B60063769500232004000F00D2
:106410005005B2402244924441018280B7B7022025
:10642000938787D43387A700034707031305250500
:10643000120521070E07BA97984303A347007E066B
:10644000B306B70033B7E6001A97860594C3D8C3DE
:106450008581B7270E504D8EAA9790C70F00500523
:106460008280311106C822C626C40F00A00AB727B1
:106470000E5083A4C7300F00A00A91E4C2403244FA
:10648000A244510182802685EFF04FAC37B702203D
:10649000130687D4B306A60003C306038545B39548
:1064A000A500131425002AC231453305A30293C564
:1064B000F5FF13040410B7260E501AC0ED8C369465
:1064C0002A96504635C237B50220130585D9612C6E
:1064D000924737B7022002433355F5000589130769
:1064E00087D405CD0F00F00FB7260E501396470046
:1064F000B29603A6465283A506520F00A00A144086
:10650000ADDEB1463303D302232004003E851A9743
:106510000323C700144B02938DB7930683008E06A6
:10652000BA968C42D042E1BF1C40A1DB232004007C
:10653000A9B7F377043001A0711106C0DD3F6111E6
:1065400006C222C073740430C53F21887320043012
:106550009240024421018280411122C437B40220BA
:106560009307C4C913172500BA9726C2844306C6E9
:106570002AC01304C4C98247138717000A07229749
:10658000184363E7E400B240224492444101828010
:10659000C84001C903478501058B11E3CD22A10441
:1065A000D9BF98400297E5BF711105470D4506C058
:1065B000A380E1845537D9221145793FEFF00FA030
:1065C000B7B70220938787E003D7C700799B23964C
:1065D000E7008240110182807111014506C0AD3F84
:1065E00001420545953F0945853F37950220814683
:1065F000014681451305855AEFF02FF1B7B7022008
:10660000938747DB88436313F5000145828061115E
:1066100022C006C22A84DD3705C918495C49935651
:10662000F441330587403337A700958F998F634D29
:10663000F00099E3634A050093C7F7FFFD877D8D5E
:106640009240024421018280370500807D15CDBF34
:106650000DC5B7B70220938747DBDC43630FF50016
:10666000184101CF1C4B14494C49504BBE96B3B74F
:10667000F6002E96B29714CB5CCB58411C411CC33C
:10668000D8C323200500232205008280311122C6B1
:1066900026C406C82A84AE8423AEA182853703A708
:1066A000018303A34183A1889352F4411DC154493E
:1066B0001C4963C6D200639456046372F404B38326
:1066C0008740B3B77700B38656409D8E2328750068
:1066D00054C92297333487009A921694014523A80F
:1066E000E18223AA818223AE01821537814561347C
:1066F00073A00430C2403244A2445101828093D23C
:10670000F7413E971693B336F7003EC223A8E182C5
:10671000814701479A9618C95CC92AC023AAD18229
:10672000053F02450543B703008023286500232A5F
:10673000750073A0043018450297F374043003A465
:10674000C18392471D8C23AE818289BFF3770430C9
:1067500018416318B70010C10545A18B73A007301D
:1067600082800145DDBFAA87737704300841E98D37
:106770008CC39377870073A0073082808280611179
:1067800022C006C25C492A8499EF0145584433056A
:10679000A0408347170093E71700A300F70092403B
:1067A00002442101828082976DD19357F5413D8D3E
:1067B0001D8D9307F00F584463D3A7003E85230037
:1067C000A700E9B7AA95AA876385B70003C70700A2
:1067D00001E73385A74082808507FDB71307700363
:1067E000158F51111377F70F22C4AA8726C23AC01A
:1067F000FD8A3285C143A5421544214613F7F70FA0
:106800006387C60A6387760C1396F50113D31700C6
:106810009394E501898333636600C58F9A9713D6F5
:10682000150089812E9633B3670032931316C30186
:1068300093D54700D18DBE95135643003293B3B71D
:10684000F5009A971396870113D38500336366008A
:106850002E9313D68700B297B335B300BE959397A6
:106860000501135603015D8E1A9693D70501BE9557
:10687000333366002E93B3076600B3B5C7009A950D
:106880001396D5018D83D18F338687028D810606BD
:10689000118F1377F70F63F2E20213861700333379
:1068A000F6005917B2879A951377F70F0DA813962C
:1068B000D5018D831D8BD18F8D8113070703230095
:1068C000E50033E7B70005050DFB22449244310192
:1068D00082801396C50191833D8BD18F9181E3FE18
:1068E000E2FC024632971377F70FC1BF1C45130134
:1068F00041FBA2C286C4A6C03EC6834745002AC04B
:106900000144898B639207527D54A6402285164428
:1069100086441301C104828003C7150093872500B4
:106920003ECA630EA75002C202C481477D4393054D
:10693000C006930480061305A006A5426363F30412
:10694000930607FEC14363E2D304B7B302208A066D
:10695000938343CB9E969442828693E717005247D7
:1069600005073ACA0347F7FF71FB55A093E72700D5
:1069700093E74700EDB793E78700D5B793E70701A3
:10698000F9BF9306F00763E8F606930607FD63E593
:10699000D20293F3070429476388030092433387A5
:1069A000E30236973AC265BFA24393E707023387F3
:1069B000E30236973AC465B79306A0026313D70281
:1069C00093F6070418421106F1FE6346070093E7A9
:1069D00007023AC469B73307E0403AC493E7870235
:1069E000BDBF9306E0026318D70013F7070411FF39
:1069F00093E70704ADB7630CB70663E1E5066300F0
:106A000097086306A7089306C0046302D708924656
:106A100063D7060093F7F7FBC207C18302C29366F0
:106A200007021385B6F9894563F6A500930510069C
:106A30006392B606B7B4022021069D46938404C52E
:106A4000A18BE9CB3387D400A6876397E70C224755
:106A5000B3049440A697B306D7403DA693064007DB
:106A6000E30FD7EE9306A007E30BD7EE4DB713F76E
:106A7000070819C393E7072093E70708CDB513F775
:106A8000071019C393E7072093E70710C9BD93E7E1
:106A90000728F1B59305D7F949456361B51E37B5A8
:106AA00002208A05130585CFAA958C41828518425C
:106AB000854611062304E102241059B7044213034A
:106AC000460089E4B7B40220938484C413F7070412
:106AD00019E37D573AC2924526851ACC3EC8DD316E
:106AE0006243C247AA861A86A1BF3EC28245B24708
:106AF0001305000232CC36C88297634F05029247D5
:106B0000C2466246FD17E3E2F6FE22473EC43A94CF
:106B10001D8C0DBFA247C5BF03C5070085073EC238
:106B20008245B24732CE3ACC36C882979247C246A7
:106B300062477246E35B05F08247024783C747001E
:106B400093E747002302F700C1B393F60708ADCEE1
:106B500093F60720BDC208424C429306860036C811
:106B600093F2F7FEC20293D2020163DF0506B33748
:106B7000A000B305B0409D8D3305A04093E20240D4
:106B800024102686A9463ACE16CC8939E2427247AD
:106B90003306954093F7020463830716924693F7F2
:106BA000E2FFC207C1836358D6166318071693F72E
:106BB000E2FEC207C183B684A9A00842930646003C
:106BC00036C89355F54169BF9306460036C893F61B
:106BD00007100842FDD693F6072081C6620561853D
:106BE000CDB742054185F1BFB366B500D1FA93F642
:106BF0000704D9D69246C9F6B99BC207C18301469C
:106C0000814493F56740B335B000AE9489A0BD9B35
:106C1000C207C183A94693F50708DDC193F5072094
:106C2000D1C9930586002EC808424C423366B50090
:106C300045EA93F297FEC20213F6070493D20201CB
:106C40004DC612465DE2A19BC207C183814493F504
:106C50008700639E050E93F5170089C9A24632C2CC
:106C600063D6D400858EA244B29636C2A682C1A84D
:106C700093E70701C1461307800771BF930580079B
:106C80006396B600998E93E6060171B78245B247C6
:106C90001305500232C43AC28297E34F05E8124707
:106CA0008245B2473A8509048297224679AAA146CD
:106CB000014795B70842930546002EC88145BDB7E8
:106CC0009305460008422EC813F6071065DA13F63E
:106CD000072001C61375F50FD5B742054181F9BFED
:106CE000E59B9392070193D20201241026863ACEA7
:106CF00016CCED347247E2423306954061BDB28452
:106D0000968793F50701E38E05EEA685B334E00080
:106D1000AE9485042DBFB284EDB79244DDB73ECC6E
:106D20008245B2471305000216D232D03ACE82977E
:106D3000E34405E09252E247724702568502A246BA
:106D4000E3CFD2FCB30694403384560096843ACE07
:106D500093F50701B1C58245B2471305000332CC54
:106D60008297E34B05DC724762460DE30504A28778
:106D7000124722971D8F6347E60432842DE0224795
:106D8000B2974246B30697403E8449A8824532CC2A
:106D900009043A85B24782976246E35A05FC69BB0B
:106DA00013F7674069D71395E7017D852D8993F720
:106DB00007401305050299C31305D002824532CC62
:106DC0000504C9BF85073ECC8245B24713050003C1
:106DD00032CE8297E2477246E35C05F8B1BB7D1480
:106DE0003EC23810930784013E978245B24703455F
:106DF00087FE32CC829792476246E35105F82DBB5D
:106E00003EC28245B2471305000232C836C482979B
:106E10009247A24642460504E34005D23387D70095
:106E2000018FE34FE0FCD24503C50500E30F05AC3D
:106E300093075002E302F5AE938715003ECA8245E0
:106E4000B24732C2050482971246E35E05FCEDB1FB
:106E50002A8311C62300B3007D16050365FE8280D8
:106E6000C68E0220000000000891022000000000F1
:106E7000D68E022000000000AE900220000000002C
:106E8000A88E02200000000000000000BC9E02202E
:106E900000000000A09E02208A8B0220000000005B
:106EA00040AC022000000000F8A70220C0AD022084
:106EB00000000000000000000000000040AC0220C4
:106EC000000000000CA80220C2AD0220000000005B
:106ED00032900220000000000000000000000000CE
:106EE00000000000000000000000000000000000A2
:106EF0000000000000000000000000000000000092
:106F000000000000F28C022000000000F28C022041
:106F100000000000F28C022000000000F28C022031
:106F200000000000F28C022000000000F28C022021
:106F300000000000F28C022000000000F28C022011
:106F400000000000F28C022000000000F28C022001
:106F500000000000F28C022000000000F28C0220F1
:106F600000000000F28C022000000000F28C0220E1
:106F700000000000F28C022000000000F28C0220D1
:106F800000000000F28C022000000000F28C0220C1
:106F900000000000F28C022000000000F28C0220B1
:106FA00000000000F28C022000000000F28C0220A1
:106FB00000000000F28C022000000000F28C022091
:106FC00000000000F28C022000000000F28C022081
:106FD00000000000F28C022000000000F28C022071
:106FE00000000000F28C022000000000F28C022061
:106FF00000000000F28C022000000000F28C022051
:1070000020A80220708F022021A80220708F022069
:1070100022A80220708F022023A80220708F022055
:1070200024A80220708F022025A80220708F022041
:1070300026A80220708F022000000000F28C02209F
:1070400000000000F28C022000000000F28C022000
:1070500000000000F28C022000000000F28C0220F0
:1070600000000000F28C022000000000F28C0220E0
:1070700000000000F28C022000000000F28C0220D0
:1070800000000000F28C022000000000F28C0220C0
:1070900000000000F28C022000000000F28C0220B0
:1070A00000000000F28C022000000000F28C0220A0
:1070B00000000000F28C022000000000F28C022090
:1070C00000000000F28C022000000000F28C022080
:1070D00000000000F28C022000000000F28C022070
:1070E00000000000F28C022000000000F28C022060
:1070F00000000000F28C022000000000F28C022050
:1071000000000000F28C022000000000F28C02203F
:1071100000000000F28C022000000000F28C02202F
:1071200000000000F28C022000000000F28C02201F
:1071300000000000F28C022000000000F28C02200F
:1071400000000000F28C022000000000F28C0220FF
:1071500000000000F28C022000000000F28C0220EF
:1071600000000000F28C022000000000F28C0220DF
:1071700000000000F28C022000000000F28C0220CF
:1071800000000000F28C022000000000F28C0220BF
:1071900000000000F28C022000000000F28C0220AF
:1071A00000000000F28C022000000000F28C02209F
:1071B00000000000F28C022000000000F28C02208F
:1071C00000000000F28C022000000000F28C02207F
:1071D00000000000F28C022000000000F28C02206F
:1071E00000000000F28C022000000000F28C02205F
:1071F00000000000F28C022000000000F28C02204F
:1072000000000000F28C022000000000F28C02203E
:1072100000000000F28C022000000000F28C02202E
:1072200000000000F28C022000000000F28C02201E
:1072300000000000F28C022000000000F28C02200E
:1072400000000000F28C022000000000F28C0220FE
:1072500000000000F28C022000000000F28C0220EE
:1072600000000000F28C022000000000F28C0220DE
:1072700000000000F28C022000000000F28C0220CE
:1072800000000000F28C022000000000F28C0220BE
:1072900000000000F28C022000000000F28C0220AE
:1072A00000000000F28C022000000000F28C02209E
:1072B00000000000F28C022000000000F28C02208E
:1072C00000000000F28C022000000000F28C02207E
:1072D00000000000F28C022000000000F28C02206E
:1072E00000000000F28C022000000000F28C02205E
:1072F00000000000F28C022000000000F28C02204E
:1073000000000000F28C022000000000F28C02203D
:1073100000000000F28C022000000000F28C02202D
:1073200000000000F28C022000000000F28C02201D
:1073300000000000F28C022000000000F28C02200D
:1073400000000000F28C022000000000F28C0220FD
:1073500000000000F28C022000000000F28C0220ED
:1073600000000000F28C022000000000F28C0220DD
:1073700000000000F28C022000000000F28C0220CD
:1073800000000000F28C022000000000F28C0220BD
:1073900000000000F28C022000000000F28C0220AD
:1073A00000000000F28C022000000000F28C02209D
:1073B00000000000F28C022000000000F28C02208D
:1073C00000000000F28C022000000000F28C02207D
:1073D00000000000F28C022000000000F28C02206D
:1073E00000000000F28C022000000000F28C02205D
:1073F00000000000F28C022000000000F28C02204D
:1074000000000000F28C022000000000F28C02203C
:1074100000000000F28C022000000000F28C02202C
:1074200000000000F28C022000000000F28C02201C
:1074300000000000F28C022000000000F28C02200C
:1074400000000000F28C022000000000F28C0220FC
:1074500000000000F28C022000000000F28C0220EC
:1074600000000000F28C022000000000F28C0220DC
:1074700000000000F28C022000000000F28C0220CC
:1074800000000000F28C022000000000F28C0220BC
:1074900000000000F28C022000000000F28C0220AC
:1074A00000000000F28C022000000000F28C02209C
:1074B00000000000F28C022000000000F28C02208C
:1074C00000000000F28C022000000000F28C02207C
:1074D00000000000F28C022000000000F28C02206C
:1074E00000000000F28C022000000000F28C02205C
:1074F00000000000F28C022000000000F28C02204C
:1075000000000000F28C022000000000F28C02203B
:1075100000000000F28C022000000000F28C02202B
:1075200000000000F28C022000000000F28C02201B
:1075300000000000F28C022000000000F28C02200B
:1075400000000000F28C022000000000F28C0220FB
:1075500000000000F28C022000000000F28C0220EB
:1075600000000000F28C022000000000F28C0220DB
:1075700000000000F28C022000000000F28C0220CB
:1075800000000000F28C022000000000F28C0220BB
:1075900000000000F28C022000000000F28C0220AB
:1075A00000000000F28C022000000000F28C02209B
:1075B00000000000F28C022000000000F28C02208B
:1075C00000000000F28C022000000000F28C02207B
:1075D00000000000F28C022000000000F28C02206B
:1075E00000000000F28C022000000000F28C02205B
:1075F00000000000F28C022000000000F28C02204B
:1076000000000000F28C022000000000F28C02203A
:1076100000000000F28C022000000000F28C02202A
:1076200000000000F28C022000000000F28C02201A
:1076300000000000F28C022000000000F28C02200A
:1076400000000000F28C022000000000F28C0220FA
:1076500000000000F28C022000000000F28C0220EA
:1076600000000000F28C022000000000F28C0220DA
:1076700000000000F28C022000000000F28C0220CA
:1076800000000000F28C022000000000F28C0220BA
:10769000629402203892022000000000F28C022046
:1076A00000000000F28C022000000000F28C02209A
:1076B00000000000F28C022000000000F28C02208A
:1076C00000000000F28C022000000000F28C02207A
:1076D00000000000F28C022000000000F28C02206A
:1076E00000000000F28C022000000000F28C02205A
:1076F00000000000F28C022000000000F28C02204A
:1077000000000000F28C022000000000F28C022039
:1077100000000000F28C022000000000F28C022029
:1077200000000000F28C022000000000F28C022019
:1077300000000000F28C022000000000F28C022009
:1077400000000000F28C022000000000F28C0220F9
:1077500000000000F28C022000000000F28C0220E9
:1077600000000000F28C022000000000F28C0220D9
:1077700000000000F28C022000000000F28C0220C9
:1077800000000000F28C022000000000F28C0220B9
:1077900000000000F28C022000000000F28C0220A9
:1077A00000000000F28C022000000000F28C022099
:1077B00000000000F28C022000000000F28C022089
:1077C00000000000F28C022000000000F28C022079
:1077D00000000000F28C022000000000F28C022069
:1077E00000000000F28C022000000000F28C022059
:1077F00000000000F28C0220468F022000000000F2
:107800003E8F0220428F0220000000000000000096
:107810007C90022000000000AE8F0220B28F022078
:1078200010111213141516000001020203030303C2
:107830000404040404040404050505050505050500
:1078400005050505050505050606060606060606E0
:1078500006060606060606060606060606060606C8
:1078600006060606060606060707070707070707B0
:107870000707070707070707070707070707070798
:107880000707070707070707070707070707070788
:107890000707070707070707070707070707070778
:1078A0000707070707070707080808080808080860
:1078B0000808080808080808080808080808080848
:1078C0000808080808080808080808080808080838
:1078D0000808080808080808080808080808080828
:1078E0000808080808080808080808080808080818
:1078F0000808080808080808080808080808080808
:1079000008080808080808080808080808080808F7
:1079100008080808080808080808080808080808E7
:1079200008080808080808082A2A2A20426F6F74E5
:10793000696E67206E524620436F6E6E65637420D9
:1079400053444B2076332E342E302D393935353390
:1079500030353536303762202A2A2A0A00000000E6
:107960002A2A2A205573696E67205A6570687972D1
:10797000204F532076342E342E302D62663830312D
:1079800065346533643139202A2A2A0A0000000050
:107990000A000000206D63617573653A20256C64F0
:1079A0002C2025730A00000020206D7476616C3A4B
:1079B00020256C780A000000202020202061303A29
:1079C000202530386C782020202074303A20253053
:1079D000386C780A00000000202020202061313A15
:1079E000202530386C782020202074313A20253032
:1079F000386C780A00000000202020202061323AF4
:107A0000202530386C782020202074323A20253010
:107A1000386C780A00000000202020202061333AD2
:107A2000202530386C780A00202020202061343A4C
:107A3000202530386C780A00202020202061353A3B
:107A4000202530386C780A00202020202073703ADE
:107A5000202530386C780A00202020202072613ADE
:107A6000202530386C780A002020206D6570633A3C
:107A7000202530386C780A006D7374617475733A20
:107A8000202530386C780A00202020202073303ADE
:107A9000202530386C780A00202020202073313ACD
:107AA000202530386C780A00496E737472756374DF
:107AB000696F6E2061646472657373206D697361B0
:107AC0006C69676E65640000496E737472756374E7
:107AD000696F6E20416363657373206661756C74B2
:107AE00000000000496C6C6567616C20696E7374FE
:107AF00072756374696F6E00427265616B706F6955
:107B00006E7400004C6F616420616464726573730D
:107B1000206D6973616C69676E6564004C6F6164A8
:107B200020616363657373206661756C7400000087
:107B300053746F72652F414D4F2061646472657399
:107B400073206D6973616C69676E65640000000085
:107B500053746F72652F414D4F206163636573737A
:107B6000206661756C740000456E7669726F6E6D8B
:107B7000656E742063616C6C2066726F6D20552D8C
:107B80006D6F646500000000456E7669726F6E6D02
:107B9000656E742063616C6C2066726F6D20532D6E
:107BA0006D6F646500000000756E6B6E6F776E0020
:107BB000456E7669726F6E6D656E742063616C6C74
:107BC0002066726F6D204D2D6D6F646500000000A2
:107BD000496E737472756374696F6E207061676546
:107BE000206661756C7400004C6F61642070616781
:107BF00065206661756C740053746F72652F414D1A
:107C00004F2070616765206661756C74000000002C
:107C100020202020202532643A2073703A2025301D
:107C2000386C782072613A202530386C780A000070
:107C300063616C6C2074726163653A0A0000000035
:107C40006D61696C626F7800286E756C6C2900003C
:107C50002A666C6F61742A00A8AA0220C8AA0220B2
:107C6000E4AA0220F8AA022004AB02201CAB0220E6
:107C700030AB022050AB022068AB022088AB022060
:107C8000A8AB0220B0AB0220D0AB0220E8AB0220B0
:107C9000A8AB0220F8AB0220A8AB0220609E022015
:107CA000709E0220789E0220809E0220989E0220D4
:107CB000A09E0220709902208A9902208A990220AF
:107CC0007C9902208A9902208A9902208A990220AE
:107CD0005E9902208A9902208A9902208A990220BC
:107CE0006C9902208A990220769902208A990220B2
:107CF0008A9902205A990220AE9A02204A9B0220B9
:107D00007C9C02207C9C02207C9C02207C9C02208B
:107D10004A9B02207C9C02207C9C02207C9C0220AE
:107D20007C9C02207C9C0220AE9C0220709C022045
:107D30007C9C02207C9C0220BC9A02207C9C02201D
:047D40000E9C022073
:107D48000000000018000000000000000000000013
:107D5800000000000000000000000000000000001B
:107D6800000000000000000000000000000000000B
:107D780000000000000000000000000000000000FB
:107D880000000000000000000000000000000000EB
:107D98000000000000000000B29002200000000077
:107DA800FF0000002E8B02200090D003B4AD02200B
:0C7DB800B4AD022000000000000000003C
:00000001FF
